Reservoir,Nb,U/Pb,La,Rb,Th/U,Ba,Location
DM,,0.321311475,,,2.704081633,,
DM,,0.347169811,,,2.934782609,,
DM,,0.36407767,,,2.773333333,,
DM,1.27,,1.47,,,,
DM,,0.28496732,,,3.004587156,,
DM,25.4,0.28,24.5,19.4,3.081632653,319,
DM,,0.302702703,,,3.244047619,,
DM,,0.318981481,,,3.222060958,,
DM,28.5,0.274647887,26.6,26.7,2.871794872,295,
DM,16.3,0.11884058,11.5,9.4,1.429878049,91.1,
DM,,0.424324324,,,2.261146497,,
DM,2.4,,2.88,,,,
DM,12.5,0.337142857,10.3,9.71,1.747881356,80.3,
DM,23,0.254515599,17.3,18.5,2.24516129,141,
DM,,0.331325301,,,3.018181818,,
DM,,0.329761905,,,2.779783394,,
DM,,1.062244898,,,0.816522574,,
DM,29.35,0.420338983,16.8,10,2.721774194,313,
DM,,0.352,,,2.424242424,,
DM,,0.15026178,,,3.240418118,,
DM,28.52,0.342424242,16.77,9.7,3.185840708,294,
DM,0.9,,1.69,,,,
DM,3.16,0.092555332,3.18,4.16,1.891304348,105,
DM,,0.216793893,,,3.204225352,,
DM,3.84,,4.83,,,,
DM,,1.202816901,,,0.644028103,,
DM,,0.169565217,,,2.703962704,,
DM,,0.270512821,,,3.317535545,,
DM,,0.206756757,,,4.77124183,,
DM,,0.315384615,,,3.008130081,,
DM,,0.010483384,,,1.988472622,,
DM,49.2,0.500337838,41.71,26.6,3.625928427,620,
DM,7.3,0.180555556,7.3,4.7,3.384615385,55,
DM,42.9,0.491803279,29,26,3.811111111,435,
DM,14,0.217821782,12.7,7.3,4,83,
DM,13.5,0.21875,12.9,6.7,3.380952381,90,
DM,46.9,0.48255814,28.2,29.3,3.855421687,560,
DM,29.7,0.487603306,21.8,18.9,3.86440678,304,
DM,7.2,0.231707317,8.1,5.8,2.421052632,72,
DM,5.2,0.142857143,4.14,2.9,3.428571429,35,
DM,5.4,0.131147541,4.84,2.7,3.625,44,
DM,18.4,0.200980392,21.4,14.4,3.317073171,187,
DM,7.2,0.188235294,8.05,5.4,3.0625,70,
DM,5.7,0.13253012,6.45,3.9,3.454545455,51,
DM,5.9,0.166666667,5.73,4,2.9,46,
DM,7.3,0.123966942,8.27,5.4,3.4,67,
DM,8.5,0.228070175,7.87,3.3,3.615384615,54,
DM,15.7,0.308510638,16.3,9.1,3.206896552,110,
DM,7.7,0.203125,6.19,3.8,2.692307692,47,
DM,58.5,0.4921875,43.9,17.3,4.380952381,722,
DM,9.1,0.138686131,10.4,7.3,3.473684211,91,
DM,9.4,0.171428571,10,5.9,3.277777778,106,
DM,9.2,0.195652174,9.85,6.3,3.444444444,74,
DM,13.5,0.177419355,13.7,7.1,3.863636364,93,
DM,20.4,0.058727569,22.8,10.9,4.305555556,175,
DM,24,0.176470588,24.4,19.3,3.176470588,221,
DM,4.26,,5.77,,,,
DM,62.3,0.434108527,37.6,38.3,3.473214286,650,
DM,63,0.426923077,38.2,40.4,3.576576577,659,
DM,58.3,0.415686275,35.3,38,3.471698113,646,
DM,60.6,0.357859532,36.4,37.7,3.598130841,726,
DM,61.3,0.428015564,37.8,38.4,3.390909091,635,
DM,63.8,0.443636364,39.8,42.8,3.483606557,676,
DM,40,0.496644295,24.9,26.7,3.472972973,431,
DM,37.7,0.469387755,24.5,23.5,3.579710145,424,
DM,63.1,0.359322034,37.4,42,3.745283019,761,
DM,67.2,0.438405797,40.5,42.5,3.462809917,708,
DM,77.7,0.638554217,49.2,52.4,3.402515723,806,
DM,40.5,0.48427673,25.4,26.3,3.402597403,423,
DM,37.9,0.476821192,23.7,23,3.402777778,388,
DM,4.9,,5.57,,,,
DM,5,,5.58,,,,
DM,15.47,0.248120301,13.37,10.61,3.303030303,170.31,
DM,14.13,0.285714286,11.92,5.25,3.029411765,138.1,
DM,14.97,0.299212598,12.63,2.25,2.868421053,142.99,
DM,12.99,0.245762712,10.89,8.54,3.24137931,146.07,
DM,16.03,0.301470588,13.55,5.99,2.853658537,144.25,
DM,15.5,0.257352941,13.18,9.23,3.257142857,160.64,
DM,16.18,0.289855072,13.76,3.09,3,143.63,
DM,15.41,0.28125,12.79,5.13,3.111111111,130.18,
DM,15.77,0.278195489,13.37,4.23,3.081081081,147.97,
DM,17.04,0.298611111,14.3,6.61,2.88372093,160.29,
DM,14.67,0.253968254,12.38,8.23,3.28125,149.41,
DM,16.18,0.277372263,13.38,5.23,2.973684211,152.93,
DM,15.02,0.31496063,12.67,3.52,2.75,120.76,
DM,14.08,0.268907563,11.87,8.21,3.21875,141.78,
DM,12.97,0.264150943,10.82,9.31,3.357142857,138.21,
DM,14.53,0.3,12.15,3.1,2.944444444,123.09,
DM,14.26,0.321428571,11.66,4.27,2.75,119.79,
DM,13.15,0.266055046,10.92,7.19,3.344827586,144.18,
DM,14.17,0.288135593,11.56,5.67,3.117647059,160.21,
DM,13.83,0.303571429,11.41,2.91,2.941176471,118.99,
DM,18.86,0.294117647,15.49,8.11,2.888888889,163.93,
DM,14.42,0.327433628,12.22,7.65,2.864864865,160.69,
DM,13.13,0.276190476,10.86,6.46,3.310344828,132.46,
DM,11.63,0.293478261,9.72,4.62,3.148148148,113.96,
DM,2.86,,3.11,,,,
DM,3.01,,3.05,,,,
DM,3.62,,4.71,,,,
DM,2.54,,4.14,,,,
DM,2.57,,4.01,,,,
DM,3.46,,4.86,,,,
DM,5.98,,5.52,,,,
DM,1.77,,3.1,,,,
DM,3.31,,4.35,,,,
DM,2.84,,3.53,,,,
DM,2.93,,3.44,,,,
DM,7.99,0.320987654,6.72,9.95,0.846153846,37.5,
DM,8.57,0.533333333,4.44,4.99,1,30.2,
DM,1.47,,2.05,,,,
DM,3.48,0.215396996,3.53,,3.079701121,,
DM,2.75,0.199733244,3.22,,3.148580968,,
DM,,0.586206897,,25.78,2.890756303,,Location1
DM,,0.551569507,,24.12,2.983739837,,Location1
DM,62,,,29,,249,Location1
DM,64,,,29,,251,Location1
DM,66,,,42,,314,Location1
DM,6,,,11,,62,Location1
DM,6.3,0.15,6.1,7,1.266666667,,Location1
DM,7,,,6,,71,Location1
DM,7,,,8,,38,Location1
DM,6.6,0.27,7,4,1.62962963,92,Location1
DM,10.38,0.404761905,5.98,3.82,1.205882353,88.9,Location1
DM,12.9,,12.7,2.78,,177,Location1
DM,9.3,,7.7,9.63,,66,Location1
DM,10.2,,9.2,10.6,,69,Location1
DM,8.96,0.214285714,5.56,12.6,2.066666667,50.3,Location1
DM,9.3,,9.4,4.5,,39,Location1
DM,8.43,0.352941176,6.72,7.72,1.541666667,40.8,Location1
DM,10.7,,7.9,4.82,,60,Location1
DM,10.1,,8.1,12.3,,29,Location1
DM,9.13,0.265625,7.46,5.58,2.588235294,47.6,Location1
DM,10.4,,8.6,4.67,,47,Location1
DM,7.17,0.3,4.16,4.93,2.333333333,49.2,Location1
DM,4.97,0.195652174,4.05,9.63,2.666666667,25.8,Location1
DM,5.56,0.234042553,4.69,1.63,2.454545455,34.6,Location1
DM,5.3,,4.4,5.6,,18,Location1
DM,,,,4.05,,,Location1
DM,,,,0.6,,,Location1
DM,,0.521472393,,1.05,0.511764706,,Location1
DM,,0.157051282,2.99,0.61,1.714285714,6.62,Location1
DM,,0.07480315,,,3.178947368,,Location1
DM,,0.145631068,,,2.444444444,,Location1
DM,7.68,2.71875,6.68,3.9,0.180076628,45.7,Location1
DM,,0.1925,,0.87,1.207792208,,Location1
DM,9.5,0.129032258,7.8,1.84,2.75,40,Location1
DM,6.3,,,2.4,,12,Location1
DM,,0.34280303,,,2.513812155,,Location1
DM,,0.2192,,,2.459854015,,Location1
DM,,0.209022556,5.96,3.1,2.143884892,20.4,Location1
DM,,,,2.03,,,Location1
DM,,,,1.47,,,Location1
DM,,0.25257732,,,2.591836735,,Location1
DM,,0.093851133,,,1.551724138,,Location1
DM,,0.628881988,,,0.627160494,,Location1
DM,,0.74789916,7.7,1.97,1.745318352,20.2,Location1
DM,,0.393650794,,1.94,1.665322581,,Location1
DM,,0.076923077,,0.87,2,,Location1
DM,,0.538461538,,,0.731092437,,Location1
DM,,0.287841191,3.72,0.98,1.620689655,12.4,Location1
DM,,0.254847645,,,1.902173913,,Location1
DM,13,,8.28,6,2.405405405,64,Location1
DM,,0.389130435,,,2.782122905,,Location1
DM,,0.2421875,,,1.44516129,,Location1
DM,,0.295373665,4.12,0.91,2.060240964,18,Location1
DM,,0.264802632,,,2.559006211,,Location1
DM,,0.460526316,,,1.361904762,,Location1
DM,,0.149144254,2.86,2.95,2.37704918,12.7,Location1
DM,,0.475256769,,,2.406679764,,Location1
DM,,0.552795031,13.8,5.8,2.128089888,120,Location1
DM,,0.244604317,5.59,3.24,2.036764706,30.3,Location1
DM,,0.226890756,,,1.287037037,,Location1
DM,,0.25862069,,,3.4,,Location1
DM,,0.310646388,,,1.46878825,,Location1
DM,3.74,0.015360983,4.94,,2.7,16.8,
DM,4.79,0.178571429,5.24,,3,14.7,
DM,4.4,0.15,4.98,,3,13.4,
DM,3.13,0.152173913,3.98,,2.857142857,8.8,
DM,14.8,0.254237288,13.75,,3.166666667,47.1,
DM,7.7,0.25,6.87,,3.117647059,33.1,
DM,6.86,0.217391304,6.22,,2.933333333,26.6,
DM,6.03,0.222222222,5.57,,2.714285714,25.1,
DM,15.12,0.416666667,16.07,,2.4,54.4,
DM,4.2,,,2.86,,,
DM,0.86,0.144444444,2.19,0.635,,4.33,
DM,0.6,0.059665871,2.89,1.17,,3.78,
DM,0.78,0.148288973,1.87,0.718,,2.77,
DM,10.7,0.240384615,11.92,,2.76,26,
DM,4.92,0.166666667,4.64,,2.9,14.5,
DM,4.28,0.196078431,4.81,,2.6,12.5,
DM,2.61,0.146341463,3.17,,2.666666667,8.9,
DM,2.36,0.176470588,2.77,,2,6.3,
DM,5.12,0.203389831,5.61,,2.416666667,14.4,
DM,3.15,0.181818182,3.91,,2.375,8.8,
DM,3.864,0.222222222,4.32,1.91,2.372340426,11,
DM,4.61,0.177419355,5.26,,2.545454545,15.3,
DM,4.79,0.20754717,5.44,,2.454545455,13.4,
DM,3.63,0.173594132,3.8,,3.366197183,14.62,
DM,3.09,0.047770701,4.77,,3.5,5.91,
DM,2.45,0.030015798,3.23,0.2,4.578947368,4.78,
DM,19.52,0.18744186,14.53,10.12,2.967741935,128.58,
DM,3.91,0.678062678,3.83,1.62,0.945378151,11.22,
DM,5.39,0.330241187,5.19,2.55,1.859550562,21.48,
DM,0.88,0.043918919,1.91,,4.153846154,3.24,
DM,0.6,0.097435897,1.29,0.12,2.368421053,2.59,
DM,4.29,0.185810811,4.51,1.74,2.472727273,16.95,
DM,1.17,0.142857143,2.27,,1,2.5,
DM,1.04,0.388888889,1.46,0.02,1.857142857,1.34,
DM,1.24,0.43373494,2.34,0.03,0.972222222,2.2,
DM,1.36,0.43877551,2.46,0.1,0.906976744,2.59,
DM,2.84,0.129129129,4.27,,2.279069767,3.79,
DM,2.85,0.169329073,4.29,,2.150943396,3.96,
DM,1.33,0.09976247,2.42,0.36,2.30952381,11.33,
DM,1.81,0.137931034,2.65,0.14,2.3125,2.9,
DM,1.54,0.147147147,2.45,0.29,0.897959184,3.17,
DM,1.84,0.11875,3.04,0.08,2.684210526,4.64,
DM,2.06,0.031161473,3.19,,6.181818182,3.79,
DM,5.79,0.194029851,7.25,,2.384615385,12.2,
DM,3.06,,4.67,,,10.6,
DM,4.23,0.183673469,5.15,,2.444444444,9.9,
DM,2.19,0.113636364,2.9,,2.2,5.4,
DM,2.32,0.196721311,3.14,,1.083333333,7.4,
DM,5.86,0.244067797,4.94,3.57,2.951388889,40.3,
DM,,0.100457317,,,3.509863429,,
DM,,0.127565392,,,3.659305994,,
DM,1.82,0.16988417,2.43,0.84,8,8.32,
DM,,0.084615385,,,3.166144201,,
DM,3.1,,4.28,,,10,
DM,2.98,,4.04,,,22.4,
DM,3.09,,3.78,,,10.6,
DM,,,4.06,,,11.4,
DM,2.94,,4.23,,,10.1,
DM,3.09,,3.9,,,11.5,
DM,,,3.8,,,13.7,
DM,3.03,,3.76,,,11.8,
DM,1.57,,3.58,0.529,,,
DM,1.1,,,0.9,,,
DM,0.75,0.042704626,2,2.4,2.291666667,14.06,
DM,0.64,0.063636364,1.63,1.32,1.642857143,7.32,
DM,3.18,0.173333333,4.84,3.78,1.946153846,24.4,
DM,2.51,0.100487805,4.36,4.7,1.912621359,40.13,
DM,1.1,,,0.268,,,
DM,1.23,,3.14,0.212,,,
DM,1.21,,3.22,0.069,,,
DM,0.74,,2.47,1.164,,,
DM,0.62,,1.89,0.108,,,
DM,1.9,0.125,2.3,0.17,5,7,
DM,2.25,,2.3,,,,
DM,3.65,,4.28,,,,
DM,0.639,0.118380062,1.18,2.96,1.684210526,8.18,
DM,,,16.13,20.5,,185.5,
DM,11.9,0.079295154,11.52,3.61,3.666666667,44,
DM,13.36,0.080321285,12.95,4.72,3.9,51,
DM,,,21.38,8.53,,77.9,
DM,,,14.23,5.05,,55.8,
DM,14.5,0.080321285,12.95,4.71,3.9,51,
DM,12.8,0.079295154,11.52,3.61,3.666666667,44,
DM,3.03,0.234962406,3.91,6.41,1.552,13.1,
DM,1.47,0.847599165,2.58,5.44,0.275862069,31.5,
DM,,,,0.86,,11.9,
DM,,,3.51,5,,16.2,
DM,,,4.69,,,24,
DM,,,3.06,1.55,,16.3,
DM,2.17,0.036764706,3.05,1.36,3.4,22.37,
DM,,,6.8,2.28,,29.3,
DM,,,13.2,5.12,,54,
DM,,,9.79,3.15,,42.5,
DM,,,13.1,1.39,,56.5,
DM,3.44,0.064814815,4.46,1.34,3.142857143,22,
DM,,,2.58,0.84,,17.6,
DM,,,9.57,,,54.3,
DM,,,11.1,6.9,,53.9,
DM,9,0.101123596,7.92,2.25,4.111111111,34,
DM,5.7,0.064814815,4.46,1.34,3.142857143,22,
DM,5.71,0.101123596,7.92,2.25,4.111111111,34,
DM,1.33,0.055555556,1.92,0.22,3,6.43,
DM,,,2.04,0.325,,7.2,
DM,,,,0.631,,9.3,
DM,,,2.58,0.487,,9.1,
DM,,,3.05,,,10.2,
DM,,,2.89,,,9.8,
DM,1.76,1.128078818,2.48,3.12,0.279475983,6.7,
DM,3.05,0.355839416,3.77,24.3,1.097435897,93,
DM,16.8,0.202531646,13.41,7.66,3.625,112.2,
DM,10.57,0.174603175,9.77,4.07,3.590909091,97.59,
DM,12.86,0.205882353,10.85,6.08,3.142857143,82.08,
DM,,,,6.03,,65.2,
DM,15.72,0.260869565,12.83,7.96,3,106.1,
DM,19.92,0.2,16.2,7.63,3.941176471,135.7,
DM,13.32,0.184210526,11.88,6.38,3.428571429,156.9,
DM,15.31,0.21641791,11.29,7.93,3.24137931,98.3,
DM,0.797,0.667721519,1.64,2.57,0.293838863,2.26,
DM,4.58,0.092783505,5.19,1.79,3.555555556,46,
DM,9.2,0.260869565,7,2.24,3.111111111,58.33,
DM,18.64,0.295652174,12.8,7.99,3.382352941,118.6,
DM,3.63,0.238095238,3.38,1.75,2.4,34.19,
DM,5.23,0.28610729,6.3,6.77,1.831730769,32.3,
DM,1.11,0.144032922,1.55,0.658,2.542857143,3.76,
DM,2.53,0.180360721,3.07,2.59,2.333333333,11.9,
DM,5.36,0.390625,5.32,1.46,3.008,28,
DM,2.54,0.22392638,4.39,2.47,1.48630137,31.8,
DM,1.94,0.227074236,2.66,2.04,1.605769231,22.4,
DM,2.02,0.27672956,3.13,5.02,1.121212121,10.8,
DM,1.26,0.381443299,1.68,6.43,0.828828829,14.2,
DM,0.403,0.119341564,0.63,2.16,1.482758621,0.8,
DM,1.06,0.263959391,1.71,5.88,0.711538462,26.2,
DM,0.996,0.493181818,2.07,3.6,0.373271889,26.8,
DM,0.62,0.219123506,0.916,1.65,0.854545455,3.17,
DM,0.75,0.463556851,1.7,2.19,0.465408805,28.3,
DM,0.598,0.625,1.16,5.36,0.224242424,6.6,
DM,,,23,0.8,,12,
DM,,,21,,,185,
DM,,,7,,,27,
DM,,,15,,,11,
DM,,,11,4.1,,50,
DM,0.716,0.207236842,1.4,0.47,0.714285714,6.5,
DM,,,1.3,,,,
DM,2.09,,2.2,0.588,,6.6,
DM,9.83,,6.23,3.81,,49.1,
DM,8.75,,5.92,4.18,,52.4,
DM,11.05,,7.24,6.007,,71.1,
DM,10.97,,7.08,7.298,,57.3,
DM,0.78,,1.09,0.265,,,
DM,3.45,0.506542056,4.08,2.48,0.741697417,15.77,
DM,3.25,0.156739812,3.98,1.55,2.24,14.15,
DM,3.09,0.163106796,3.57,2.09,1.928571429,15.21,
DM,1.89,,2.98,0.46,,10.1,
DM,2.22,,2.73,0.483,,,
DM,2.25,,2.73,0.383,,9.4,
DM,,,3.3,1.76,,11.5,
DM,5.12,0.139784946,4.56,2.6,2.888888889,25.91,
DM,3.28,0.11589404,4.2,1.45,3.085714286,14.94,
DM,3.08,0.048654837,3.97,1.9,2.282352941,14.49,
DM,1.83,0.090673575,2.42,0.89,3.342857143,9.54,
DM,2.6,0.134980989,3.08,2.1,2.690140845,13.64,
DM,2.27,,3.26,1.18,,,
DM,1.24,,1.87,0.343,,,
DM,1.26,,1.81,0.258,,,
DM,1.75,,2.07,0.656,,29.8,
DM,,,2.9,1.26,,7.28,
DM,1.6,,2.05,0.633,,7.9,
DM,1.58,,2.3,0.459,,,
DM,,,2.21,0.47,,6.37,
DM,,,,1.597,,,
DM,2.66,,3.84,0.482,,,
DM,11.24,0.291666667,7.31,5.75,2.380952381,73.96,
DM,10.61,0.40625,6.85,6.88,2.038461538,64.86,
DM,8.16,0.317460317,5.67,5.52,2.45,52.11,
DM,10.15,0.323076923,6.49,5.04,2.285714286,57.44,
DM,3.3,,,0.489,,,
DM,6,,,2.267,,,
DM,,,,0.96,,50.3,
DM,,,,2.08,,17.3,
DM,,,,0.81,,25.6,
DM,2.96,0.25,2.72,0.19,2.166666667,13.7,
DM,9.4,0.507936508,6.67,4.87,1.75,55.4,
DM,4.18,0.222222222,3.85,6.11,2,26.81,
DM,3.5,0.230769231,3.08,0.15,2.222222222,10.98,
DM,12.92,0.281818182,8.22,6.93,2.258064516,76.47,
DM,4.47,0.305555556,3.1,2.51,2.272727273,28.74,
DM,2.72,0.411764706,1.82,,3,18.47,
DM,13.86,0.484375,8.68,,3.225806452,101.24,
DM,10.53,0.272727273,7.6,5.8,3.238095238,68.63,
DM,6.3,0.21875,4.66,3.41,2.785714286,41.9,
DM,6.49,0.282608696,4.53,3.4,2.846153846,44.02,
DM,4.76,0.188679245,3.81,2.86,2.5,35.01,
DM,6.22,0.152173913,5.09,3.06,2.571428571,33.4,
DM,4.4,0.268292683,3.55,2.98,2.363636364,23.88,
DM,4.6,0.156626506,4.29,3.82,2.384615385,23.73,
DM,1.76,0.205,2.73,0.7,2.317073171,9.16,
DM,2.07,,,0.583,,,
DM,2.29,,,1.01,,,
DM,,,,1.85,,,
DM,,,,1.34,,,
DM,1.47,,,0.428,,,
DM,,,,1.55,,,
DM,,,1.6,0.26,,2.6,
DM,,,2.4,2.63,,9.17,
DM,,,3.9,2.09,,14,
DM,,,3.86,1.48,,14.3,
DM,,,3.15,1.63,,13.6,
DM,,,2.83,1.32,,9.1,
DM,,,1.78,0.72,,5.89,
DM,1.28,,2.11,0.58,,,
DM,,,2.73,0.78,,8.59,
DM,1.42,,2.19,0.67,,,
DM,,,2.92,1.24,,17.3,
DM,1.42,,1.89,0.65,,,
DM,1.64,1,3.01,1.65,1.8,6.11,
DM,2.12,,2.47,0.89,,,
DM,1.87,2.5,3.36,0.72,2.2,5.62,
DM,,,2.26,0.77,,6.79,
DM,1.6,,2.31,0.75,,,
DM,3.63,0.526315789,4.68,4.4,0.866666667,10.45,
DM,4.26,0.928571429,3.96,3.17,1.769230769,20.12,
DM,1.5,0.178571429,2.62,1.49,2,6.81,
DM,1.7,0.166666667,2.1,3.2,1.285714286,5,
DM,1.02,,1.5,0.36,,6.14,
DM,,,4,,,30,
DM,2.02,0.18,3.45,0.88,1.555555556,8.02,
DM,1.61,0.153846154,2.71,0.61,2.166666667,6.24,
DM,1.58,0.222222222,2.59,0.65,1.5,6.54,
DM,3.17,0.473684211,3.44,1.75,1.666666667,9.44,
DM,2.54,0.647058824,3.25,1.46,1.363636364,9.05,
DM,3.3,0.425531915,4.45,1.64,1,10.55,
DM,5.05,0.144927536,4.02,4.44,1.7,39.08,
DM,,,3.4,,,20,
DM,4.92,,3.57,3.31,,,
DM,6.14,0.16,6.47,2.73,3.5,26.41,
DM,3.24,0.1,4.88,1.64,3,16.91,
DM,3.31,0.138888889,5.34,1.69,2.1,17.62,
DM,2.12,0.155555556,3.3,1.18,2.428571429,10.88,
DM,2.01,0.115384615,3.5,0.96,3,11.03,
DM,2.21,0.2,3.04,1.05,2.5,10.69,
DM,2.1,0.145833333,3.32,1.07,2.142857143,11.22,
DM,,,1.99,1.13,,13.3,
DM,5.28,,3.84,2.85,,,
DM,4.75,0.1484375,3.59,2.42,2.905263158,30.8,
DM,,,4.52,3.67,,46,
DM,4.26,0.225806452,6.49,1.53,1.857142857,16.67,
DM,4.43,1.5,5.82,2.35,1.933333333,18.69,
DM,3.98,0.117647059,6.39,1.63,2.9,16.41,
DM,4.04,0.160493827,6.42,1.52,2.307692308,16.15,
DM,4.53,2.5,6.03,2.57,2.2,24.49,
DM,4.53,0.8125,5.89,2.77,2.153846154,17.98,
DM,4.44,0.181818182,5.95,2.55,2.666666667,48.67,
DM,60.3,,43.1,39.39,,,
DM,3.33,0.146666667,5.86,1.56,2,14.1,
DM,3.52,0.133333333,6.02,1.49,2.6,14.38,
DM,3.47,0.106666667,6.02,1.54,3,14.07,
DM,3.04,0.1,5.45,1.39,3.714285714,12.92,
DM,4.62,,3.72,2.42,,,
DM,4.5,,3.61,3.14,,,
DM,2.89,0.238095238,3.75,1.39,1.8,15.06,
DM,7.57,,5.28,3.93,,,
DM,3.01,0.172413793,4.3,1.42,1.6,15.51,
DM,11.43,0.564516129,6.43,5.36,3.123809524,64.17,
DM,,,,,3.025157233,,
DM,10,,5,2,3,,
DM,7.81,0.482142857,4.31,3.54,2.87037037,50.73,
DM,6.7,,6.1,2.5,3.044025157,36,
DM,,,1.41,,1.905405405,,
DM,4.85,,3.64,2.53,,,
DM,0.962,0.162679426,0.96,0.114,0.735294118,8.77,
DM,1.02,0.069444444,0.95,0.214,1.7,8.71,
DM,,,5.2,1.72,,16,
DM,1.798,0.271428571,1.12,0.845,1.438596491,12.97,
DM,3.379,0.483739837,2.07,0.641,1.319327731,10.39,
DM,8.41,0.262650602,5.29,2.492,3.201834862,40.02,
DM,6.58,0.302197802,3.96,2.156,2.6,30.79,
DM,10.02,0.258064516,6.24,3.205,3.176470588,50.3,
DM,8.91,0.220164609,4.36,2.782,3.196261682,40.45,
DM,9,0.220216606,5.84,2.792,3.319672131,41.73,
DM,7.97,0.236625514,4.66,2.626,2.956521739,39.03,
DM,,,0.8,,,,
DM,,0.132743363,,0.43,2.733333333,,
DM,1.004,0.047058824,0.62,0.44,3.3,9.7,
DM,0.97,0.109625668,1.11,0.39,2.048780488,10.2,
DM,1.467,0.156334232,1.21,1.17,1.827586207,14,
DM,0.302,0.082568807,0.44,0.13,1.888888889,1.71,
DM,0.299,0.126436782,0.39,0.1,1.181818182,2.07,
DM,0.282,0.094117647,0.18,0.02,1.25,1.81,
DM,0.807,0.161725067,0.7,0.5,0.7,9.57,
DM,3.278,0.271863118,2.76,1.88,1.692307692,32.5,
DM,1.4,0.030769231,2.9,0.3,0.833333333,3.7,
DM,2.374,0.142361111,2.5,0.9,3.341463415,14.62,
DM,1.6,0.111111111,3.4,0.8,2.125,6.1,
DM,2.3,0.162790698,6.4,1.2,5,18.9,
DM,1.636,0.09127789,1.94,2.69,3.088888889,15.4,
DM,1.9,0.128571429,5.3,1.4,3.555555556,10.7,
DM,3.7,0.181818182,4.7,2.2,2.6,17.4,
DM,8.9,0.209876543,8.2,5.1,3.352941176,49.2,
DM,0.83,0.018867925,1.34,0.26,7.833333333,0.85,
DM,10.1,0.222222222,8.2,5.7,3.722222222,55.9,
DM,4.9,0.204081633,5.2,3.5,3.1,24.8,
DM,1.2,0.090909091,2.9,0.2,1.4,4.4,
DM,4.5,0.294117647,5.5,3.3,3.2,21.1,
DM,3.1,0.170731707,3.9,1.2,2.714285714,12.2,
DM,18.3,0.323809524,14.1,10.6,3.764705882,108.5,
DM,9.6,0.456521739,8.3,6.6,3.380952381,57.3,
DM,2.3,0.128205128,3.2,1.4,2.6,9.3,
DM,2,0.1,3.1,1.1,3,8.7,
DM,2.83,0.727272727,0.05,1.29,16.9875,14.98,
DM,3.09,0.5625,0.05,0.5,1.655555556,18.6,
DM,0.916,0.014778325,1.84,0.17,3.833333333,6.34,
DM,4,0.34375,4.6,2.5,2.636363636,16,
DM,2.1,0.104166667,3.7,1.3,2.8,6,
DM,,0.429530201,38.6,32.8,3.4296875,447,
DM,5.53,0.107843137,6.18,7.57,3.727272727,94.66,
DM,3.15,0.166666667,4.64,3.59,2.090909091,49.3,
DM,4.99,0.103448276,5.64,6.37,3.083333333,82.09,
DM,2.68,0.19047619,4.64,2.61,2.333333333,32.73,
DM,2.93,0.2,4.87,2.06,1.529411765,30.26,
DM,2.69,0.114583333,4.57,2.19,2.727272727,33.13,
DM,2.26,0.107142857,4.23,2.88,3.5,18.86,
DM,5.22,0.776315789,6.99,6.96,0.762711864,60.8,
DM,2.72,0.246376812,4.92,2.34,1.470588235,31.99,
DM,0.79,0.285714286,2.59,1.53,0.571428571,6.99,
DM,3.45,0.149253731,4.97,4.22,2.6,48.04,
DM,1.01,0.161290323,2.29,7.69,1,39.64,
DM,2,0.111111111,4.55,2.3,2.857142857,23,
DM,1.15,0.078431373,2.34,17.09,2,31.55,
DM,3.72,0.155172414,4.89,3.46,3.111111111,44.09,
DM,13.54,0.240384615,10.53,11.16,4.28,138.8,
DM,8,0.281690141,7.35,7.02,2.75,88.51,
DM,16.38,0.32,12.47,16.93,4.6875,254.69,
DM,18.45,0.407407407,12.38,8.64,2.613636364,123.68,
DM,3.25,0.166666667,4.83,1.74,1.666666667,8.37,
DM,1.46,0.0875,2.25,0.53,3.380952381,7.3,
DM,4.4,0.257142857,3.31,9.19,3.111111111,22,
DM,14.5,0.344086022,10.3,9,3.59375,84.9,
DM,,,,2.26,,,
DM,1.84,0.046296296,2.54,1.59,3,14.24,
DM,0.88,0.088495575,1.68,2.6,0.7,5.21,
DM,1.37,0.046296296,2.23,0.64,2.2,4.84,
DM,1.45,0.036036036,2.21,1.62,2.75,12.15,
DM,1.18,0.077669903,2.08,1.96,1.125,7.48,
DM,1.13,0.025,2.1,0.68,2.25,7.34,
DM,1.54,0.036697248,2.25,1.1,3,14.43,
DM,1.58,0.063492063,2.34,4.48,1.625,16.89,
DM,1.34,0.038834951,1.93,3.38,2.5,10.66,
DM,1.02,0.044642857,1.59,2.38,1.6,9.06,
DM,,,3.45,,,,
DM,1.04,0.094170404,2.16,0.789,2.357142857,5.67,
DM,1.01,0.096982759,2.08,0.792,2.266666667,5.93,
DM,1.01,0.09352518,2.11,0.826,2.487179487,5.7,
DM,3.79,,6.5,1.81,,23.8,
DM,4.08,,5.95,1.81,,24.5,
DM,2.8,0.203125,3.63,3,1.384615385,16.3,
DM,1.52,0.206896552,2.21,1.1,2,8,
DM,3.09,0.3,4.85,4.9,1.111111111,16.1,
DM,1.11,0.238095238,1.71,1,1.6,6.3,
DM,1.39,0.230769231,1.92,0.8,1.666666667,9,
DM,3.9,,6.24,1.82,,20,
DM,2.33,0.02115573,2.86,0.4,0.148148148,13.8,
DM,0.84,0.038961039,1.56,11.4,2,99.6,
DM,3.06,0.086419753,3.68,1.6,2.571428571,15.8,
DM,0.96,0.089285714,1.42,1.5,1,24.7,
DM,3.76,1.47706422,5.01,4.6,3.236024845,63.8,
DM,2.13,1.804878049,3.08,2.6,0.162162162,18.2,
DM,2.22,0.102564103,2.6,2.1,3,12.6,
DM,2.87,0.103448276,3.33,1.4,2.5,13.4,
DM,0.92,0.060606061,1.72,0.43,3.5,5.17,
DM,2.58,0.084337349,4.82,1.03,2.571428571,11.33,
DM,2.6,0.085365854,4.91,1.04,2.571428571,11.33,
DM,2.68,0.082352941,5.05,1.06,2.571428571,11.63,
DM,2.6,0.085365854,4.9,1.04,2.714285714,11.37,
DM,2.58,0.084337349,4.92,1.02,2.571428571,11.37,
DM,1.58,0.114285714,2.22,0.84,2.5,7.88,
DM,0.87,,1.82,0.62,,4.5,
DM,3.5,,5.1,2.5,,23.19,
DM,2.5,,3.5,1.1,0.85,8.9,
DM,2.9,,4.79,1.84,,20.5,
DM,3.21,0.105263158,4.72,1.84,2.875,20.1,
DM,3.99,0.11627907,5.55,2.39,2.8,23.07,
DM,3.21,0.111111111,4.76,1.63,2.875,17.5,
DM,3.26,,5.1,2.34,,23.5,
DM,3.22,0.119402985,4.33,2.53,3.125,21.5,
DM,3.45,0.138461538,4.38,2.44,2.888888889,21.4,
DM,3.47,0.130434783,4.34,2.32,2.777777778,21.7,
DM,5.57,,7.75,3.56,,36.18,
DM,6,0.140186916,7.18,4.03,3.066666667,37.8,
DM,2.64,,5.2,1.53,,18.22,
DM,4.65,,6.61,3.02,,29.43,
DM,4.38,0.087719298,5.94,2.52,3.4,27.69,
DM,,,4.7,2.1,,,
DM,0.9,0.087878788,2.51,3.54,3.655172414,22.4,
DM,0.59,0.166666667,1.19,0.3,1.25,3,
DM,,,3.76,1.32,,,
DM,,,2.36,1,,,
DM,,,2.52,1.16,,,
DM,,,0.753,0.11,,1.9,
DM,,,3.17,0.5,,,
DM,,,2.26,1.34,,,
DM,,,2.46,2.03,,,
DM,,,3.03,1.55,,,
DM,9.3,0.569620253,10.4,20,3.288888889,80,
DM,0.489,0.068062827,0.849,1.54,3.576923077,33,
DM,0.697,0.115384615,1.65,5.98,1.266666667,5.64,
DM,,0.444444444,,14.9,2,,
DM,7.17,0.053664303,,10.3,2.704845815,92.4,
DM,,0.777777778,,,1,,
DM,,,,,,13.8,Location2
DM,3.25,0.107142857,4.95,1.92,2.222222222,13.3,Location2
DM,0.98,0.21875,2.03,2.6,0.857142857,4.7,Location2
DM,2.92,0.115384615,4.85,2.04,2.111111111,11.2,Location2
DM,3.01,0.15,4.6,1.42,2,11.2,Location2
DM,4.22,0.121495327,6.44,6.85,2.076923077,23.6,Location2
DM,2.95,0.088888889,4.82,3.4,2.25,7.3,Location2
DM,1.8,0.057971014,3.18,3.91,2.75,5.6,Location2
DM,1.43,0.140625,2.59,3.23,0.888888889,4.4,Location2
DM,2.06,0.176470588,3.93,2.56,1.333333333,10.9,Location2
DM,1.91,0.12244898,3.2,8.52,1.833333333,15.7,Location2
DM,1.88,0.140350877,3.25,1.7,1.375,8.3,Location2
DM,1.45,0.125,2.42,1.12,2.75,7,Location2
DM,1.48,0.117647059,2.43,3.39,1.5,3.8,Location2
DM,1.69,0.068965517,2.8,2.05,2.5,6.5,Location2
DM,,0.134897361,,1.33,2,,Location2
DM,,0.181538462,,3.2,1.508474576,,Location2
DM,,1.46978022,,3.44,0.203738318,,Location2
DM,,0.677506775,,3.97,0.36,,Location2
DM,2.49,0.087912088,3.76,3.62,2,9.9,Location2
DM,3.67,0.043478261,5.38,3.81,2.555555556,9.6,Location2
DM,2.39,0.142857143,4.6,5.02,1.5,10.2,Location2
DM,1.96,0.333333333,3.8,7.42,0.875,5.6,Location2
DM,2.1,0.109090909,3.86,4.11,2,16.2,Location2
DM,2.12,0.109090909,3.93,1.84,2.166666667,11.8,Location2
DM,2.08,0.075757576,3.95,2.3,2.4,12.1,Location2
DM,2.18,0.113207547,3.39,1.92,2.166666667,12.6,Location2
DM,2.32,0.132075472,4.2,4.51,1.857142857,11.7,Location2
DM,2.22,0.117647059,4.27,1.15,2,8.7,Location2
DM,2.27,0.111111111,4.59,3.18,1.857142857,8.6,Location2
DM,1.2,0.173913043,2.46,2.13,0.75,10.9,Location2
DM,1.72,0.086206897,3.43,2.22,2.2,14.4,Location2
DM,2.89,0.12,5.4,2.88,2.111111111,17.9,Location2
DM,2.23,0.530120482,4.3,5.6,0.295454545,11.5,Location2
DM,2.05,0.12,4.27,6.07,2,8.7,Location2
DM,2.55,0.114754098,4.48,5.81,2.142857143,6.7,Location2
DM,1.81,0.076923077,3.58,0.84,2.5,6.8,Location2
DM,2.25,0.12244898,4.47,6.52,2,8.1,Location2
DM,2.21,0.172413793,4.28,2.27,1.3,15.1,Location2
DM,2.26,0.234042553,4.39,4.3,1.090909091,9.8,Location2
DM,0.87,0.06,2.01,4.53,1.666666667,2.9,Location2
DM,,0.193675889,,4.04,0.93877551,,Location2
DM,,0.07106599,,0.4,2,,Location2
DM,0.32,0.071428571,1.09,0.37,2,0.4,Location2
DM,,0.423280423,,3.45,0.475,,Location2
DM,0.7,0.061764706,1.13,0.611,4.333333333,8.81,
DM,1.78,0.196987952,6.28,11.8,2.810397554,100,
DM,3.6,0.223952096,8.25,13,2.834224599,113,
DM,4,0.231578947,6.63,10.2,2.75974026,90,
DM,1.51,0.196456693,9.38,16.8,2.625250501,143,
DM,6,,5,2.2,3,26.5,Location3
DM,9.715,0.320634921,6.86,2.31,3.485148515,41.6,Location3
DM,0.618,0.04845815,0.746,1.96,2.909090909,1.29,Location4
DM,0.729,0.064864865,0.878,1.24,3,2.04,Location4
DM,0.669,0.130952381,0.803,3.33,3,16.2,Location4
DM,0.663,0.110132159,0.791,3.24,1.4,1.77,Location4
DM,5.2,0.572769953,4.11,2.68,1.385245902,21,Location3
DM,4.6,,4,4.5,1,24.3,Location3
DM,1.3,,1.5,4.6,,11.7,Location3
DM,6.58,0.105308964,5.77,3.52,3.123966942,31.8,Location4
DM,5.52,0.110778443,5.12,2.15,3.18018018,19.2,Location4
DM,7.33,0.127098321,6.92,3.92,3.213836478,36.3,Location4
DM,5.2,0.057610994,5.03,2.2,3.211009174,24.2,Location4
DM,5.16,0.218687873,5.17,2.15,3.018181818,18.7,Location4
DM,5.12,0.081100652,5.12,0.57,3.125,11.6,Location4
DM,6.29,0.190140845,6.21,1.62,3.266666667,29.6,Location4
DM,5.41,0.225933202,5.19,0.51,3.139130435,12.3,Location4
DM,5.24,0.100093545,4.87,0.26,3.373831776,15.5,Location4
DM,6.6,0.252931323,6.64,0.31,2.940397351,16.5,Location4
DM,6.86,0.12562396,6.36,2.48,3.152317881,25.1,Location4
DM,5.91,0.159916926,5.17,0.77,2.584415584,16.2,Location4
DM,5.61,0.275665399,5.47,1.83,2.627586207,16.3,Location4
DM,6.68,0.120575885,6.45,2.01,2.104477612,33.6,Location4
DM,6.14,0.190193165,6.22,3.88,3.0234375,25.4,Location4
DM,7.13,0.315445026,6.8,0.55,2.029045643,27.2,Location4
DM,7.18,0.272442589,6.18,0.99,1.850574713,33.5,Location4
DM,6.75,0.349442379,7.07,3.18,2.430851064,19.8,Location4
DM,7.55,0.248484848,6.75,0.91,3.085365854,20.8,Location4
DM,7.98,0.424347826,6.72,1.83,2.278688525,37.4,Location4
DM,5.12,0.27689243,5.16,1.81,2.374100719,17.4,Location4
DM,6.68,0.373970346,7,0.37,2.017621145,13.4,Location4
DM,4.1,0.13961039,4.05,0.764,2.941860465,13.4,Location4
DM,8.6,0.285714286,7.2,4.3,4.5,40.2,Location3
DM,5.69,0.193220339,5.74,1.04,3.140350877,28.4,Location4
DM,9.66,1.312,9.16,11.7,0.43902439,65.5,
DM,10.1,1.080536913,9.25,11.6,0.801242236,114,
DM,4.34,0.187136929,4.04,1.51,2.849223947,25.4,
DM,6.53,0.233856894,5.63,0.386,2.955223881,32.6,
DM,6.26,0.222222222,5.25,1.31,2.940298507,29.9,
DM,8.15,0.385507246,6.67,1.22,1.864661654,37.9,
DM,8.6,0.183046683,6.8,0.731,3.637583893,30.1,
DM,17.3,0.37254902,14.4,0.343,2.605263158,52.2,
DM,17.8,0.610576923,14.9,0.893,1.68503937,61.3,
DM,8.69,0.92206235,7.41,9.21,0.728218466,41,
DM,15,0.481914894,13.4,23,1.971302428,57.6,
DM,23,0.160194175,2.32,1.22,2.206060606,16,
DM,2.03,0.356190476,2.08,1.1,2.438502674,14,
DM,9.12,0.145,8.13,6.17,2.340996169,59.5,
DM,8.63,0.152307692,7.74,18.4,2.727272727,56.4,
DM,9.41,0.739795918,8.23,3.65,0.399310345,60.4,
DM,10.1,0.18599791,8.75,3.62,3.926966292,65.3,
DM,9.96,0.621676892,9.36,13.1,1.120065789,97.9,
DM,8.91,0.323891626,7.84,73.6,2.300380228,85.2,
DM,9.12,1.586288416,8.22,54.2,0.912071535,78.2,
DM,8.55,0.485416667,7.55,3.51,2.519313305,59.3,
DM,13.8,0.178974359,11.6,2.03,1.371060172,79.8,
DM,12.7,0.320843091,10.2,1.93,2.153284672,66.5,
DM,15.4,0.174342105,12.2,2,1.230188679,61.6,
DM,14.6,0.332758621,11.6,4.8,2.124352332,90.3,
DM,29.7,0.34,21.4,16,1.761437908,237,
DM,36.4,0.25106383,23.8,15,2.288135593,327,
DM,17.3,0.30982906,13,3.69,2.282758621,119,
DM,1.39,0.110497238,6.48,6.6,0.45,9,
DM,,0.416666667,,,1.342857143,,
DM,4.5,0.29787234,4.9,9.69,2.5,116,
DM,,0.353225806,,,3.242009132,,
DM,,0.278823529,,,3.080168776,,
EM1,5.45,0.325581395,4.32,4.42,3.428571429,48.6,Location6
EM1,7.02,0.165068493,11.4,21.7,3.734439834,89.9,Location6
EM1,65.5,0.212168487,87.7,54.9,8.529411765,1842,Location6
EM1,6.52,0.330618893,6.95,36.9,2.615763547,38.8,Location6
EM1,6.48,0.103344482,17.2,44,2.996763754,95,Location6
EM1,5.47,0.245227606,6.25,21.7,2.71257485,35.4,Location6
EM1,6.79,0.249350649,7.49,59.8,3.234375,41.1,Location6
EM1,8.19,0.265765766,8.34,7.56,2.281355932,70.5,Location6
EM1,15.5,0.231891892,15.3,35.4,3.03030303,141,Location6
EM1,4.33,0.083490566,7.69,35.4,2.480225989,72.8,Location6
EM1,12.8,0.162546816,18,16.1,2.511520737,109,Location6
EM1,13.5,0.112207792,15.7,26.4,2.615740741,128,Location6
EM1,5.27,0.066946779,8.63,40.1,2.251046025,67.5,Location6
EM1,,,,3.15,,,Location6
EM1,,,3.12,1.65,,,Location6
EM1,,,2.33,1.13,,,Location6
EM1,4.71,0.181818182,4.7,3.7,3,36.37,Location6
EM1,5.13,0.176470588,4.69,4.5,3.25,44.2,Location6
EM1,0.23,0.005263158,0.39,0.23,2,2.1,Location6
EM1,3.09,0.073770492,2.61,2.46,3.111111111,33.39,Location6
EM1,7.95,0.12721519,6.63,5.34,3.910447761,60.2,Location6
EM1,7.36,0.215968586,6.08,5.34,4.242424242,54.5,Location6
EM1,17.9,0.338565022,15.7,20.5,3.57615894,200,
EM1,9,,14.7,7.08,,296,
EM1,8.3,,14.6,13.1,,303,
EM1,8.5,,15.6,10.6,,182,
EM1,11.3,,22.5,21.2,,309,
EM1,8.4,,16,20.6,,320,
EM1,11.1,,19.6,33.7,,213,
EM1,,,,46.7,,,
EM1,8.9,,17.1,37.4,,336,
EM1,,,,15.6,,,
EM1,,,,19.3,,,
EM1,12.7,,18.2,0.48,,167,
EM1,7.8,,11.3,3.44,,156,
EM1,9.1,,10.2,0.82,,81,
EM1,10.4,,10.2,2.96,,60,
EM1,,,,0.64,,,
EM1,10.3,,11.5,21.83,,324,
EM1,6.1,0.056338028,7.51,4.1,11.625,72.3,
EM1,,0.062817011,,1.78,4.751552795,,
EM1,12.7,0.115702479,11.2,1.3,8.571428571,104,
EM1,,0.096296296,,15.2,5.136639676,,
EM1,22.7,0.16875,23.2,3.1,4.425925926,125,
EM1,26.8,0.090909091,21.3,14,3.59375,260,
EM1,30.5,0.176706827,23.5,13,3.636363636,233,
EM1,31.8,0.08365019,26.4,10.8,5.5,266,
EM1,,0.202209509,,1.97,1.902439024,,
EM1,,0.138345865,,7.52,4.273097826,,
EM1,25.6,0.112107623,20.2,7.4,5.08,292,
EM1,7.2,0.423076923,11.1,20.9,3.333333333,133,
EM1,,,6.31,,,,
EM1,58.3,0.330166271,46.1,41.5,4.057553957,564,Location5
EM1,53,0.31938326,51,24.63,5.820689655,700,Location5
EM1,,,,58,,596,Location5
EM1,36.1,0.296028881,33.6,29.1,4.841463415,377,Location5
EM1,4.04,0.150485437,5.14,2.3,3.725806452,29.2,Location5
EM1,4.38,0.36407767,7.56,3.76,1.376,34.4,Location5
EM1,4.15,0.309927361,5.91,7.88,1.890625,17.2,Location5
EM1,42.3,0.135048232,33.8,75.2,10.16666667,630,Location7
EM1,48.8,0.121863799,29.7,29.2,13.61764706,594,Location7
EM1,24.7,0.11738149,21,10.3,6.576923077,273,Location7
EM1,25.4,0.104208417,45.6,21.5,12.13461538,502,Location7
EM1,16.5,0.126550868,15,18.4,4.490196078,220,Location7
EM1,22.6,0.115,18.3,15,7.956521739,386,Location7
EM1,26.1,0.083129584,36.7,23.7,8.455882353,416,Location7
EM1,44.3,0.133009709,57,47.3,5.109489051,823,Location7
EM1,21.5,0.202492212,20.4,18.7,4.184615385,367,Location7
EM1,34.9,0.113861386,97.8,48.2,5.860869565,746,Location7
EM1,24.1,0.05840708,25.5,12.1,7.818181818,341,Location7
EM1,27.7,0.113157895,30.7,18.7,9.581395349,398,Location7
EM1,24.7,0.266375546,25.3,14.7,2.737704918,214,Location7
EM1,59.7,0.323420074,52.5,78.3,3.011494253,795,Location7
EM1,15.5,0.256351039,23.7,40,2.72972973,244,Location7
EM1,16.8,0.217158177,20.2,15.7,5,251,Location7
EM1,46.5,0.365122616,38.6,17.1,3.798507463,745,Location7
EM1,45,0.304225352,34.8,22,4.62037037,706,Location7
EM1,38.4,0.095689655,45.1,50.8,2.531531532,465,Location7
EM1,,0.162790698,,13.8,2.5,,Location7
EM1,2.8,0.356140351,3.4,19,1.527093596,42,
EM1,8.07,0.155395683,15.5,35.2,3.814814815,208,
EM1,6.355,0.308908046,5.73,5.14,2.641860465,67.38,
EM1,6.048,0.189855072,6.49,4.41,4.175572519,55.6,
EM1,5.972,0.201234568,6.96,4.85,3.116564417,45.4,
EM1,12.78,0.296688742,8.35,7.58,4.075892857,93.7,
EM1,3.42,0.053521127,,1.95,5.043859649,89.5,
EM1,1.79,0.331868132,,12.1,1.483443709,41.2,
EM1,9.3,,7.92,1.2,1.272727273,49,
EM1,4.47,,3.96,2.2,,36.8,
EM1,5.2,,3.74,0.54,,9,
EM1,13.5,,9.46,10,,69,
EM1,8.08,0.169811321,6.88,1.1,8.111111111,33.5,
EM1,3.1,0.380952381,2.78,1.4,2.875,17.2,
EM1,2.7,0.538461538,2.63,0.44,2.428571429,9.9,
EM1,4.6,0.297297297,3.84,0.13,3,7.2,
EM1,5.8,0.4,4.65,0.2,1.583333333,8,
EM1,42,0.366666667,3.82,0.78,2.454545455,5.5,
EM1,5.4,0.571428571,4.11,0.11,1.833333333,19.3,
EM1,3.6,0.173333333,3.7,0.73,2.153846154,17.5,
EM1,5.6,0.392156863,4.33,0.35,1.65,13,
EM1,5.4,0.142857143,5.67,0.74,3.375,12.5,
EM1,3.4,0.4375,2.75,0.91,1.642857143,18.8,
EM1,9,0.215189873,7.43,1.9,4,43,
EM1,13.6,0.2,10.8,19,21.25,58,
EM1,11.7,0.169491525,9.56,6.5,11.4,70,
EM1,5.2,0.2,4.71,0.61,10.75,4.4,
EM1,12.6,0.475,9.78,2.9,2.657894737,56,
EM1,12.6,0.178571429,8.96,15,13.3,46,
EM1,9.3,0.279069767,7.42,16,2.75,31,
EM1,3.7,0.323529412,3.08,22.1,2.181818182,23,
EM1,9.7,0.243243243,8.2,1.1,7.777777778,44,
EM1,9.4,0.219512195,7.72,33,7.888888889,33,
EM1,3.36,0.285714286,3.4,1.4,8.25,27,
EM1,2.6,0.394736842,3.27,17.7,2.866666667,17,
EM1,3.2,0.301886792,3.67,34.7,1.75,26,
EM1,12,0.23655914,8.99,13,3.409090909,47,
EM1,4.5,0.387755102,4.41,19.1,1.842105263,27,
EM1,3.5,0.351351351,3.1,10.6,1.846153846,14,
EM1,2.4,0.392857143,2.35,17.2,0.818181818,12,
EM1,5.1,0.2,3.44,0.86,2.272727273,17.8,
EM1,38.3,0.185185185,19.6,8.6,,218,
EM1,22.6,0.142857143,13.5,10.3,44.75,138,
EM1,13.1,0.3,12.9,9.3,4.242424242,121,
EM1,14.2,0.352112676,13,2.6,4.84,127,
EM1,11.7,0.10298103,15.1,7.4,3.657894737,125,
EM1,75.1,0.301659125,67.8,42.5,4.735,283,
EM1,,0.143478261,14.08,7.5,4.818181818,101,
EM1,,0.143410853,12.09,3.1,4.594594595,105,
EM1,,0.196551724,28.42,,5.070175439,172,
EM1,26,0.313131313,20.38,32,3.806451613,213,
EM1,26,0.316831683,20.99,26,3.984375,222,
EM1,2.662,0.141199226,3.52,1.85,3.301369863,22.25,
EM1,49,0.428571429,35.1,60,3.833333333,677,
EM1,28,0.4,22.1,29,4,290,
EM1,64,0.377777778,51.7,61,3.882352941,908,
EM1,,0.477366255,,56.1,2.017241379,,
EM1,,0.227621483,,78.6,3.764044944,,
EM1,,0.049517241,,,34.26183844,,
EM1,,0.098570354,,,17.09923664,,
EM1,,0.193918919,,13.5,3.763066202,,
EM1,,0.056357143,,,25.22179975,,
EM1,,0.564102564,,11.5,1.354545455,,
EM1,,0.285714286,,13.1,6,,
EM1,,0.18556701,,37.5,4.722222222,,
EM1,,0.195652174,,36.8,5,,
EM1,,0.177083333,,53,4.529411765,,
EM1,,0.186813187,,48.4,4.882352941,,
EM1,,0.180851064,,49.1,4.647058824,,
EM1,,0.193548387,,49.9,4.5,,
EM1,,0.175257732,,51.7,4.764705882,,
EM1,,0.173913043,,19.7,6,,
EM1,,0.417322835,,29.5,2.150943396,,
EM1,,0.220588235,,76.4,4.133333333,,
EM1,,0.258726899,,47.7,4.103174603,,
EM1,,0.220512821,,58.4,4.744186047,,
EM1,,0.167050691,,85.8,3.972413793,,
EM1,,0.068328446,,,33.47639485,,
EM1,,0.276086957,,32.8,4.196850394,,
EM1,,0.172413793,,,4.88,,
EM1,,0.481049563,,34,2.763636364,,
EM1,,0.396449704,,31.9,3.208955224,,
EM1,,0.371191136,,56.1,3.201492537,,
EM1,,0.298106061,,25.1,4.485387548,,
EM1,,0.455384615,,28,3.513513514,,
EM1,,0.454819277,,35.1,3.397350993,,
EM1,,0.0625,,,3,,
EM1,,0.308296943,,30.3,3.966005666,,
EM1,23.8,0.646341463,32.4,12.26,1.633423181,289,
EM1,22.3,0.164573269,26,21.07,2.181996086,309,
EM1,22.4,0.230607966,25.3,19.5,2.272727273,294,
EM1,10.5,0.157286432,14.7,7.11,4.536741214,132,
EM1,20.3,0.356896552,26.9,13.48,4.299516908,341,
EM1,18.5,0.20546875,22.3,4.31,4.828897338,308,
EM1,30,0.523887588,50,23.45,2.159141708,532,
EM1,38.1,0.165313653,48.6,35.06,4.787946429,945,
EM1,47.3,0.118939394,56,32.95,7.184713376,907,
EM1,37.1,0.158866545,46.3,33,4.833141542,927,
EM1,14.7,0.136697248,20.2,15.05,5.536912752,208,
EM1,14.5,0.145355191,18.4,18.87,6.203007519,243,
EM1,11.3,0.313125,16.6,19.87,3.313373253,116,
EM1,28.7,0.19175,43.8,9.81,4.041720991,129,
EM1,48.2,0.170431211,45.5,38.39,7.698795181,654,
EM1,14.2,0.337628866,27.3,27.32,2.717557252,201,
EM1,18.2,0.216425121,18.3,11.91,5.200892857,268,
EM1,6.9,0.152631579,7,3.45,4.195402299,82,
EM1,28.5,0.325203252,30.2,20.86,4.4875,402,
EM1,15.7,0.263636364,14.5,5.3,3.931034483,208,
EM1,42.5,0.233167082,44.6,33.72,5.219251337,660,
EM1,9.4,0.139344262,8.9,7.27,4.196078431,128,
EM1,19.5,0.253529412,20.4,14.14,4.709976798,189,
EM1,46.6,0.214772727,49.3,42.21,4.878306878,750,
EM1,31.5,0.190604027,29.6,11.48,4.683098592,237,
EM1,75.2,0.295154185,54.3,11.94,5.574626866,506,
EM1,27,0.628448276,27.6,16.98,4.499314129,352,
EM1,29,0.616153846,30.3,21.53,4.5443196,380,
EM1,27.6,0.29769821,26.9,21.28,2.225085911,263,
EM1,34.3,0.254945055,40.9,18.2,3.728448276,189,
EM1,20.5,0.326521739,23.6,36.8,2.796271638,210,
EM1,27.8,0.279069767,21.2,43,4.466666667,382,
EM1,16.9,0.343049327,19,41.2,2.366013072,130,
EM1,43.9,0.329355609,45.9,24,2.862318841,651,
EM1,9.57,0.227702703,11.7,30,2.940652819,218,
EM1,28.2,0.157608696,28.7,4.32,4.74137931,300,
EM1,8.3,0.202205882,12.6,13.9,4.218181818,116,
EM1,10.8,0.255625,12.6,14.1,3.985330073,106,
EM1,7.9,0.487826087,12,7.4,1.907308378,80,
EM1,9.6,0.154644809,14.4,7.8,4.911660777,101,
EM1,14.2,0.39245283,19.1,32.9,4.070512821,330,
EM1,20.7,0.096466431,24.4,16.3,9.157509158,232,
EM1,29.2,0.165340909,27.1,27.7,5.687285223,514,
EM1,10.5,0.347783251,13.8,18.5,1.983002833,136,
EM1,14.4,0.157847534,18.1,19.9,4.744318182,151,
EM1,62.4,0.25557656,72.9,52.5,4.74112426,1422,
EM1,11.1,0.214583333,14.5,9.9,5.67961165,144,
EM1,13.2,0.264646465,18.5,27.1,3.034351145,144,
EM1,52.2,0.17188656,81.7,38.8,4.720229555,736,
EM1,23.4,0.315254237,27.5,31.6,3.13172043,218,
EM1,9.6,0.275647668,13.6,18.6,2.669172932,93,
EM1,20.8,0.196491228,26.4,18.8,4.321428571,306,
EM1,24.1,0.146704871,28.2,22.5,5.078125,335,
EM1,19.4,0.222077922,20.2,17.4,6.198830409,193,
EM1,27.9,0.262869198,29.2,30.9,4.285714286,392,
EM1,60.9,0.41598579,67.9,56.3,4.931682323,735,
EM1,55.4,0.405479452,66.9,48.1,3.290540541,630,
EM1,51.2,0.280821918,42.2,40.8,4.780487805,587,
EM1,46.1,0.142202643,143,38.7,3.073110285,811,
EM1,29.6,0.222157434,37.6,32,4.737532808,350,
EM1,16.6,0.282233503,18.8,36,3.039568345,169,
EM1,23.9,0.172108467,14.51,4.77,5.118971061,166.4,
EM1,18.43,0.184390244,12.86,3.51,4.592592593,136.6,
EM1,21.84,0.794871795,13.68,1.96,0.616935484,30.1,
EM1,34.06,0.379381443,22.73,3.55,1.420289855,121.4,
EM1,,,,12.5,,,
EM1,30,,,7.22,,528,
EM1,21,,,18.3,,276,
EM1,22,,,2.29,,343,
EM1,53,,,38.1,,626,
EM1,28,,,19.9,,451,
EM1,31,,,19.2,,358,
EM1,8.3,,,6.03,,110,
EM1,7,,,1.72,,74,
EM1,53,0.342268041,67.5,22.1,3.680722892,709,
EM1,24.8,0.25026178,25.6,35.7,5.543933054,344,
EM1,25.8,0.316161616,26.2,22.9,4.408945687,351,
EM1,31.1,0.226331361,36.5,31.8,4.352941176,1229,
EM1,43.5,0.241265823,42.9,20,4.470094439,623,
EM1,62.4,0.479905437,71.6,29.6,3.428571429,854,
EM1,42.3,0.157967667,39.5,15.8,7.558479532,371,
EM1,62,0.284369115,74.2,41.4,4.655629139,861,
EM1,42.5,0.3125,65.3,19.5,4.48,433,
EM1,17.9,0.318367347,15.5,9.29,3.397435897,146,
EM1,26,0.266666667,32,4.5,4.325,300,
EM1,25,0.306896552,33,3.5,3.752808989,299,
EM1,25,0.255555556,28,4.8,4.289855072,326,
EM1,26,0.321875,31,3.6,3.504854369,276,
EM1,31,0.446,51,14.7,2.381165919,419,
EM1,25,0.328,28,3.9,3.756097561,470,
EM1,25,0.378947368,28,17.8,4.402777778,345,
EM1,2.29,0.233333333,4.48,0.32,2.285714286,4.75,
EM1,24.1,0.163101604,61.4,26,5.213114754,854,
EM1,30.6,0.232638889,57.9,13.2,2.589552239,694,
EM1,32.8,0.274074074,83.5,14,1.966216216,756,
EM1,40.5,0.252619325,57.7,15.4,2.050691244,621,
EM1,31.3,0.251559252,42.2,8.68,2.652892562,321,
EM1,31.8,0.384146341,29.2,5.99,2.595238095,372,
EM1,30.5,0.611111111,28.8,11.9,1.560606061,414,
EM1,33.7,0.25,38,31.3,4.3,658,
EM1,25,0.225274725,29.5,5.4,4.74796748,301,
EM1,24.2,0.266181818,29.8,5.09,4.00273224,215,
EM1,,0.255813953,,,3.727272727,,
EM1,,0.075342466,,,2.363636364,,
EM1,,,2.3,,,15,
EM1,,,4.6,,,44,
EM1,12.3,1.161290323,26.4,45.5,1.027777778,66.3,
EM1,15.7,0.220264317,49,45.8,2.66,83.4,
EM1,,0.323529412,,,3.181818182,,
EM1,,0.363636364,,,1.833333333,,
EM1,32.4,0.076099881,59.65,21.59,3.5,592,
EM1,33.4,0.080347448,28.35,15.24,3.067567568,371,
EM1,17.2,0.129882353,24.7,19.9,4.329710145,361,
EM1,17.2,0.129882353,24.7,19.9,4.329710145,361,
EM1,25.6,0.113181818,39,23,5.073627845,587,
EM1,25.6,0.113181818,39,23,5.073627845,587,
EM1,5.07,0.144599303,8.03,25.4,2.891566265,117,
EM1,5.07,0.144599303,8.03,25.4,2.891566265,117,
EM1,5.19,0.097026022,9.5,13.8,5.363984674,142,
EM1,5.19,0.097026022,9.5,13.8,5.363984674,142,
EM2,36.1,0.304694836,32.6,10,4.730354391,142,
EM2,20.9,0.721088435,19.5,16.3,1.867924528,150,
EM2,51.8,0.637450199,50.7,13.6,3.35625,365,
EM2,23.2,0.304964539,18.9,8.4,4.139534884,133,
EM2,30.7,0.230769231,26.9,15.6,6.948717949,180,
EM2,42,0.291959799,34.1,25.2,5.645438898,239,
EM2,27,0.351369863,23.9,29.5,4.385964912,146,
EM2,,,,44,,389,
EM2,,,,56,,547,
EM2,22.3,0.406666667,16.3,5.85,4.051522248,150,
EM2,65.1,0.278106509,51.2,17.4,5.829787234,449,
EM2,72.4,0.320402299,77.6,54.2,5.058295964,457,
EM2,37.3,0.228070175,31.4,13.2,6.615384615,540,
EM2,53.2,0.18474026,44.9,26.1,8.014059754,362,
EM2,36.7,0.262425447,58.8,28.1,2.575757576,160,
EM2,47.8,1.028846154,39.6,28.5,2.228971963,168,
EM2,23,0.392727273,67.7,30.1,2.018518519,313,
EM2,39.6,0.919047619,33.1,19.5,1.67357513,269,
EM2,81.4,0.479166667,65.4,33.3,3.755434783,534,
EM2,65.5,0.559259259,49.6,16.1,3.940397351,104,
EM2,65.1,0.50617284,50.6,25.7,3.170731707,416,
EM2,58.2,0.61003861,45.2,35.6,2.784810127,346,
EM2,65,0.5,61,29.3,3.146496815,406,
EM2,98.2,0.525193798,71.3,54.4,3.357933579,707,
EM2,43,0.37826087,34,16.9,3.862068966,217,
EM2,45.6,0.259414226,36.5,22.7,5.951612903,262,
EM2,49.7,0.839285714,38.3,32,2.085106383,253,
EM2,,0.605109489,,,1.700844391,,
EM2,26.2,0.410596026,23.4,40.4,3.629032258,151,
EM2,44,0.563535912,36.9,35.8,3.274509804,304,
EM2,54.3,0.510548523,41.7,43.2,3.570247934,347,
EM2,34.6,0.547619048,25,22.2,3.623188406,165,
EM2,42.4,0.585635359,31.8,34.8,2.943396226,250,
EM2,55.5,0.370242215,43.3,26.2,4.186915888,311,
EM2,39.5,0.460580913,32.4,22.5,3.108108108,231,
EM2,37.5,0.375690608,29.2,15.7,4.647058824,228,
EM2,28.2,0.350282486,23.7,11,4.85483871,146,
EM2,53.7,0.436666667,44.4,23.19,4.244274809,316,
EM2,85.3,0.188034188,86.1,43.02,9.159090909,237,
EM2,47.2,0.396428571,43.7,26.61,4.675675676,433,
EM2,41.3,0.41322314,38.2,20.53,4.55,293,
EM2,45.3,0.424603175,35.9,25.66,4.205607477,256,
EM2,35.7,0.392694064,29.8,28.58,4.255813953,236,
EM2,25.9,0.536423841,21,15.8,2.777777778,140,
EM2,23.8,0.611111111,20.1,14.4,2.443181818,139,
EM2,46.2,0.590027701,41.8,38.9,2.014084507,280,
EM2,34.6,0.45,28.9,12.4,3.655555556,207,
EM2,36.6,0.279411765,39.6,32.2,4.330827068,379,
EM2,,0.407176287,113.1,,3.421455939,,
EM2,,0.529411765,,7.01,2.222222222,,
EM2,,0.449275362,,8.98,3.193548387,,
EM2,,0.621468927,,23.3,2.236363636,,
EM2,,0.486486486,,12.3,2.333333333,,
EM2,,0.405797101,,13.2,2.928571429,,
EM2,123.47,0.562363239,87.48,51.38,4.622568093,629.55,Marquesas
EM2,17.16,0.342384173,13.41,,3.367334906,,
EM2,16.91,0.366815072,12.51,,3.358496152,,
EM2,6.12,,5.51,,,,
EM2,6.33,,6.32,,,,
EM2,,0.407536521,,,3.273862865,,
EM2,83.34,0.52866242,98.09,33.63,5.903614458,392.03,Marquesas
EM2,,0.432835821,,3.8,1.844827586,,
EM2,,0.682242991,,29.7,3.349315068,,
EM2,,0.697674419,,30.8,3.52,,
EM2,15.1,0.439372325,9.99,2.06,3.344155844,50.8,
EM2,20.9,0.315957447,13.2,4.61,4.107744108,112,
EM2,16.6,0.380175659,10.8,6.1,3.366336634,75.7,
EM2,24.2,0.356410256,21.8,10.2,3.573141487,140,
EM2,26.2,0.2856,19.2,9.02,4.285714286,142,
EM2,24.5,0.175193798,16.7,0.573,7.123893805,93.9,
EM2,32,0.267721519,25.6,9.63,4.609929078,188,
EM2,13,0.34859675,11.6,5.48,3.453389831,80.1,
EM2,22.3,0.360040568,16.8,6.81,4,134,
EM2,27.1,0.217054264,17.4,3.32,5.75,141,
EM2,20.1,0.271287129,13.8,5.14,4.525547445,102,
EM2,25.2,0.22991453,16.8,3.05,5.799256506,125,
EM2,15.2,0.306569343,11.4,3.29,4.533333333,85.4,
EM2,28.2,0.259090909,18.6,4.26,5.321637427,139,
EM2,30,0.18852459,19.4,2.86,7.695652174,170,
EM2,19.9,0.192584964,12.8,2.04,6.363636364,84.7,
EM2,16,0.280898876,10.5,3.46,4.91,91.3,
EM2,21,0.393028846,13.1,1.93,3.853211009,70.8,
EM2,28.1,0.352816901,18.5,11.7,3.69261477,143,
EM2,21.7,0.310185185,20.7,5.74,3.910447761,114,
EM2,30.5,0.395419847,19.5,6.06,3.687258687,150,
EM2,22.1,0.239823982,14.1,2.7,6.330275229,93,
EM2,79.38,0.503472222,54.45,31.07,3.648275862,407.56,Marquesas
EM2,60.15,0.396866841,52.52,2.2,3.934210526,490,
EM2,71.53,0.270967742,49.91,19.5,4.785714286,468,
EM2,22.42,0.328244275,16.13,,3.279069767,86,
EM2,77.9,0.390196078,53.8,55.7,4.462311558,665,
EM2,6.45,0.235643564,5.08,3.62,4.226890756,42.1,
EM2,11.618,0.411290323,8.017,9.153,3.152941176,97.986,
EM2,21.524,0.351242983,15.872,12.071,3.550228311,153.935,
EM2,,,11.4,5.96,,60.4,
EM2,9.95,0.298602287,7.21,5.97,3.2,70.7,
EM2,8.832,0.360544218,7.385,5.92895,3.339622642,77.179,
EM2,29.64,0.402985075,19.04,10.89,3.185185185,132.34,
EM2,20.25,0.37,13.25,6.84,3.135135135,91.04,
EM2,22.47,0.404040404,14.19,7.49,3.175,93.24,
EM2,25.2,0.368852459,16.56,8.77,3.222222222,107.1,
EM2,20.72,0.37755102,13.23,7.02,3.135135135,87.62,
EM2,,,7.17,2.29,,38.8,
EM2,24.11,0.198717949,16.73,8.91,4.193548387,107,
EM2,23.19,0.308219178,16.36,8.5,3.444444444,105.3,
EM2,15.18,0.197183099,10.51,5.39,3.464285714,67.93,
EM2,15.08,0.232758621,10.39,5.3,3.481481481,66.93,
EM2,20.7,0.28057554,15.24,7.65,3.41025641,95.09,
EM2,20.02,0.408602151,14.1,7.59,3.447368421,88.93,
EM2,16.89,0.260869565,11.83,5.96,3.5,73.47,
EM2,24.31,0.445454545,17.88,9.67,3.346938776,114.2,
EM2,21.46,0.121495327,15.68,8.22,3.461538462,98.57,
EM2,21.58,0.416666667,15.46,8.57,3.4,101.04,
EM2,17.11,0.288135593,12.88,6.24,3.352941176,79.64,
EM2,,0.330508475,13.04,149,3.230769231,104.7,
EM2,,0.335877863,13.88,166,3.272727273,115.3,
EM2,,0.356756757,16.74,212,3.257575758,144.2,
EM2,25.4,,,8,,201,
EM2,27.3,,,10.57,,246,
EM2,22.3,,,10.2,,194,
EM2,23.3,,,10,,227,
EM2,25.8,,,7.95,,226,
EM2,29.5,,,11.16,,254,
EM2,31.1,,23.47,14.31,,189.8,
EM2,28.2,,23.02,4,,158.6,
EM2,,0.339869281,17.43,177,3.211538462,123.2,
EM2,,,12.54,8.97,,98.1,
EM2,,,17.66,168,,130.3,
EM2,,0.362318841,17.66,175,3.32,128.9,
EM2,,0.469230769,16.06,195,3.147540984,121,
EM2,,,17.56,9.64,,132.3,
EM2,22,0.335877863,18.01,8,3.159090909,124.5,
EM2,25.4,0.362068966,21.15,12,2.984126984,149.5,
EM2,30.1,0.361904762,27.94,13,3.328947368,190.2,
EM2,29.4,,21.95,9,,165.9,
EM2,16.9,,15,5.96,,122.6,
EM2,36.8,,,17.1,,294,
EM2,31.8,,23.97,16.34,,220.9,
EM2,24.3,0.398601399,17.65,10.75,3.350877193,133.7,
EM2,18.1,,15.24,6,,109.6,
EM2,22.1,0.166666667,15.73,9.21,4.535714286,120,
EM2,,,21,11.8,,171.2,
EM2,37.72,0.331578947,24.07,13.23,3.301587302,154.6,
EM2,20.54,0.166666667,15.73,9.21,4.535714286,120,
EM2,16.9,,,6,,,
EM2,,,13.8,7.07,,89.8,
EM2,38.25,0.273743017,26.23,14.72,4.204081633,178,
EM2,5.71,0.289473684,14.56,9,3.212121212,80,
EM2,35,0.330097087,26.32,14.66,3.647058824,178.89,
EM2,15.5,0.263636364,12.02,6.11,3.724137931,87.76,
EM2,7.66,0.161616162,5.75,3.61,3.5625,43.63,
EM2,27.56,0.285714286,20.8,12.51,3.685185185,148.21,
EM2,33.88,0.281938326,25,14.91,3.671875,188.27,
EM2,23.59,0.188679245,16.22,8.29,4.233333333,102,
EM2,,,4.36,1.61,,31.8,
EM2,,,7.14,,,53.4,
EM2,,,10.26,9.29,,88.3,
EM2,21.04,0.103448276,15.78,7.94,4.166666667,85,
EM2,34,0.335714286,22.2,12,3.829787234,137,
EM2,25.3,0.255102041,15.63,7.48,4.52,97,
EM2,28.5,0.260869565,17.94,8.71,3.861111111,115,
EM2,34,0.336363636,34.2,15,3.648648649,194,
EM2,33,0.335714286,22.2,12,3.829787234,137,
EM2,26.97,0.28,21.2,11,3.80952381,129,
EM2,27.6,0.335664336,19.03,9.8,3.416666667,120,
EM2,49,0.336363636,34.2,15,3.648648649,194,
EM2,39.7,0.529411765,25.8,16,2.555555556,162,
EM2,28.6,0.555555556,17.7,11,2.6,111,
EM2,21.5,0.103448276,15.78,7.94,4.166666667,85,
EM2,36.34,0.383647799,22.49,12.55,3.31147541,141.2,
EM2,40,0.259090909,26.4,14,3.859649123,157,
EM2,33,0.266666667,21.6,12,4.25,128,
EM2,,,19.55,13.4,,125.7,
EM2,,,24.5,16.6,,153.1,
EM2,40.07,0.395348837,25.79,14.35,3.470588235,155.8,
EM2,37.21,0.4,23.35,13.19,3.5,145.1,
EM2,,,10.46,6.78,,95.9,
EM2,,,66.52,66,,381.4,
EM2,,,14.87,5.39,,77.1,
EM2,23.26,0.255102041,15.63,7.48,4.52,97,
EM2,14.82,0.269230769,10.53,6.38,3.428571429,68.44,
EM2,,,13.59,10.6,,79.3,
EM2,33,0.28,21.2,11,3.80952381,129,
EM2,20.6,0.396226415,13.8,7.94,3.285714286,97.22,
EM2,20.75,0.41509434,13.92,8,3.159090909,97.77,
EM2,9.6,0.196261682,9,5.09,3.619047619,48.64,
EM2,11.45,0.135802469,10.32,3.89,3.454545455,62.93,
EM2,20.9,,15.69,8.6,4.256410256,130,
EM2,23,0.266666667,18.5,13,3.5,107,
EM2,,,23.22,13.4,,177,
EM2,,,15.5,6.6,,122.7,
EM2,,,35.11,13.9,,177,
EM2,,,25.9,17,,149.7,
EM2,36.2,0.245614035,30.4,21.75,4.371428571,272.9,
EM2,38.8,0.225806452,30.6,21.94,4.285714286,278.5,
EM2,60.8,0.272058824,41.9,36.58,4.554054054,338.1,
EM2,36.2,0.219373219,32.4,23.67,4.181818182,295.1,
EM2,,,8.98,3.92,,45.5,
EM2,22,0.2,14.8,19,4.666666667,230,
EM2,27,0.276836158,17.48,10.85,3.653061224,108.5,
EM2,35,0.2,22.5,13,3.4,129,
EM2,27.04,0.365671642,17.46,10.38,3.244897959,116,
EM2,,,18.1,11.5,,153,
EM2,12.84,0.387533875,9.9,5.49,3.108391608,60.3,
EM2,,,10.6,3.11,,158,
EM2,,,29.21,13.8,,177.1,
EM2,5.828,0.330357143,4.55,2.09,2.621621622,26.1,
EM2,45.62,0.441747573,35.78,18.26,3.868131868,200.8,
EM2,21.72,0.45,22.15,25.66,4.35042735,263.2,
EM2,17.6,0.371179039,30.31,20.5,3.247058824,423.5,
EM2,7.47,0.254545455,5.25,5.83,3.5,57.87,
EM2,7.01,0.274509804,4.92,3.96,3.214285714,54.56,
EM2,24.67,0.333333333,15.36,14.77,3.16,182.3,
EM2,12.79,0.284090909,8.63,6.96,3.2,89.98,
EM2,26.36,0.350746269,16.98,13.25,3.723404255,159.4,
EM2,21.46,0.340909091,14.31,12.33,3.111111111,166.3,
EM2,41,0.423756906,29.5,16.5,4.119947849,218,
EM2,10.2,0.22173913,10.5,11.7,3.062745098,45.1,
EM2,9.32,0.338235294,8.06,2.87,3,35,
EM2,10.18,0.534246575,8.44,0.62,2.282051282,46,
EM2,7.31,0.41025641,5.74,1.3,3.25,23,
EM2,18.83,0.4,13.9,11.6,4.3,126,
EM2,6.93,0.428571429,5.45,1.3,3.266666667,25,
EM2,14.8,1.038461538,10.69,1.8,3.592592593,67,
EM2,15.94,0.46031746,11.8,4.1,3.862068966,54,
EM2,6.34,0.358974359,5.19,1.7,3.285714286,20,
EM2,59,0.383783784,46,19.7,1.478873239,346,
EM2,105,0.316129032,71,52.7,3.163265306,532,
EM2,17.9,,15.7,11.5,3.5,108,
EM2,19.4,5,17.6,12.7,3,119,
EM2,25.9,1.2,22.7,8.4,4.333333333,149,
EM2,24.5,2.666666667,25.1,19.2,3.125,184,
EM2,23.9,0.372727273,11.94,13.2,3.926829268,137,
EM2,17.2,0.433333333,12.17,11.5,3.846153846,106,
EM2,20.1,0.357142857,10.49,12.8,3.685714286,110,
EM2,30.6,1.6,31.9,16.5,3.5,212,
EM2,28.4,0.875,26,24.1,3.714285714,179,
EM2,45.9,0.057692308,53.9,39.4,3.733333333,351,
EM2,11,2.45,10,3.2,0.680272109,43,
EM2,38,0.45625,23,18.6,4.109589041,256,
EM2,33.9,0.522123894,8.47,8.42,3.220338983,208,
EM2,99.6,0.415384615,56.52,57.5,4.285714286,616,
EM2,33.9,0.469879518,20.08,14.9,3.153846154,169,
EM2,35.4,0.6,28,29,4.666666667,245,
EM2,20.7,0.666666667,18,12.4,4.25,177,
EM2,13,1,9.8,7.3,3,75,
EM2,38.8,0.545454545,29.3,17.4,4.166666667,253,
EM2,27.5,1,22,14.4,5.25,161,
EM2,40.4,0.777777778,29.3,21.5,4,227,
EM2,22.5,0.3375,9.1,6,5.185185185,100,
EM2,20.5,0.226666667,7.4,2.46,7.352941176,104,
EM2,29.3,0.264,9.78,6.73,6.636363636,164,
EM2,41.9,0.510989011,15.91,20.9,2.634408602,236,
EM2,57.7,0.406716418,32.99,38.1,4.357798165,403,
EM2,90.1,0.330210773,44.09,44.2,4.687943262,559,
EM2,96.8,0.428571429,50.64,54.8,4.709090909,599,
EM2,34.1,0.260606061,14.31,15.6,4.488372093,177,
EM2,1.33,,1,0.65,4.25,9,
EM2,3.65,,2.54,0.61,4,17,
EM2,1.99,,1.56,0.51,4,16,
EM2,36.5,0.391812865,23.5,25.5,3.582089552,331,
EM2,37.7,0.432160804,25.1,12.8,2.918604651,360,
EM2,40.9,0.47979798,27.7,8.39,2.789473684,257,
EM2,7.11,,,2.998,,42.75,
EM2,23.3,,,11.41,,125,
EM2,11.22,0.452830189,6.7,,3.125,96.21,
EM2,21.65,0.521276596,12.81,,3.081632653,161.63,
EM2,14.4,,8.6,9.1,,90,
EM2,4.45,1,2.79,,3.3,33.65,
EM2,7.57,0.307692308,4.62,3.89,2.4375,48.22,
EM2,4.45,0.588235294,2.68,,3,31.18,
EM2,10,,,5.305,,73.22,
EM2,14.49,,,8.063,,101.3,
EM2,14.3,,,7.839,,101,
EM2,15.42,0.449438202,10.03,9.09,2.45,113.1,
EM2,11.6,0.266666667,8.37,7.11,2.714285714,80.6,
EM2,25.5,0.339130435,16.3,13.7,2.974358974,173,
EM2,19.5,,12,9.7,,129,
EM2,23.8,0.387096774,12.1,10,3.361111111,123.5,
EM2,38,0.310880829,20.73,16.68,3.3,226,
EM2,30.79,0.553398058,16.53,,3.245614035,194.93,
EM2,1.8,0.092592593,1.76,3.95,2.6,18.9,
EM2,10.2,0.355932203,6.99,,3.428571429,65.86,
EM2,16,0.28030303,10.98,10.01,3.081081081,115.3,
EM2,13.09,,10.4,3.17,4.3,55,Location8
EM2,1.28,,1.58,1.63,1.2,3.98,
EM2,,,18.3,13.2,,226,Location8
EM2,1.29,,1.24,0.67,,,Location8
EM2,5.57,,3.6,2.75,,,Location8
EM2,2.55,0.204545455,3.13,0.97,1.777777778,11.52,
EM2,33.59,,20.5,15.63,,,Location8
EM2,42.36,,25.2,18.26,,,Location8
EM2,72.17,,46.3,34.89,,,Location8
EM2,6.16,,4.28,2.74,,,Location8
EM2,6.96,,4.21,3.82,,,Location8
EM2,8.34,,,4.83,,,Location8
EM2,,,12.45,,,,Location8
EM2,,,5.74,,,,Location8
EM2,8.6,,,5.13,,,Location8
EM2,,,4.98,,,,Location8
EM2,,,4.98,,,,Location8
EM2,,,5.01,,,,Location8
EM2,,,5.54,,,,Location8
EM2,,,5.6,,,,Location8
EM2,,,16.59,,,,Location8
EM2,,,15.58,,,,Location8
EM2,,,14.03,,,,Location8
EM2,,,14.01,,,,Location8
EM2,27.2,,14,9.41,,,Location8
EM2,,,11.65,,,,Location8
EM2,,,6.08,,,,Location8
EM2,,,8.68,,,,Location8
EM2,9.93,,5.95,5.13,,,Location8
EM2,21.38,,,14.62,,,Location8
EM2,15.46,,,6.14,,,Location8
EM2,24.77,,,14.54,,,Location8
EM2,11.65,,,6.49,,,Location8
EM2,21.83,,13.3021,15.02,,,Location8
EM2,8.21,,5.58,4.29,,,Location8
EM2,28.84,,20.2,17.83,,,Location8
EM2,32.79,,,19.3,,,Location8
EM2,11.39,,,6.61,,,Location8
EM2,8.95,,,5.67,,,Location8
EM2,28.25,,18.4,18.48,,,Location8
EM2,22.93,,,14.62,,,Location8
EM2,,,11.4,7.13,,76,Location8
EM2,49.8,1.492857143,37.74,35,0.313397129,425,Location8
EM2,55.1,1.790322581,44.01,45,0.304054054,499,Location8
EM2,36.4,1.530927835,30.5,23,0.255892256,357,Location8
EM2,,,4.1,2.93,,36,Location8
EM2,45.6,0.502283105,31.4,20.1,3.063636364,263,Location8
EM2,61.8,1.973684211,41.45,27,0.314666667,320,Location8
EM2,,,8,6.28,,76,Location8
EM2,31.8,0.444444444,24.1,27.2,3.486111111,290,Location8
EM2,48,0.556097561,36.6,28.5,3.350877193,404,Location8
EM2,40,,29,20,4.166666667,264,
EM2,44,,25,23,5.576923077,377,
EM2,62,,43,23,4.545454545,517,
EM2,83,,45,63,4.639175258,795,
EM2,84,,56,56,4.857142857,802,
EM2,89,,57,61,4.48,771,
EM2,77,,49,49,4.270833333,747,
EM2,67,,47,43,4.545454545,634,
EM2,81,,58,43,4.632352941,700,
EM2,62,,45,33,5,561,
EM2,165,,132,58,3.269639066,986,
EM2,112,,87,59,4.126213592,844,
EM2,67,,52,31,4.732824427,514,
EM2,47,,36,25,4.4,352,
EM2,66.761,0.392408938,56.948,30.22,4.269890796,504,
EM2,54.5,0.385057471,29,16.3,3.835820896,227,
EM2,87,0.38700565,56.7,27.3,4.299270073,394,
EM2,69.2,0.425,52.9,23,4.100840336,330,
EM2,49.6,0.372881356,31.3,20.4,3.965909091,231,
EM2,154,0.435435435,77.5,24.7,5.482758621,304,
EM2,59,0.444897959,40.2,16.8,3.926605505,268,
EM2,35.4,0.378787879,20.1,11.6,3.88,145,
EM2,52.5,0.383838384,36,17.7,4.460526316,235,
EM2,64.3,0.38671875,41.4,22.5,3.96969697,275,
EM2,121.96,0.758768983,111.946,62.882,2.611052072,772,
EM2,84.6,0.591304348,81.9,39.9,3.857843137,571,
EM2,66.397,0.470509978,42.251,22.561,4.362865221,502,
EM2,73.798,0.48211731,43.982,34.218,3.988130564,477,
EM2,89.679,0.47856554,46.163,28.676,3.93712317,581,
EM2,76.231,0.361954721,32.98,21.789,2.149504195,592,
EM2,50.256,0.506797172,39.117,14.876,4.277896996,359,
EM2,58.282,0.322115385,43.308,25.67,4.293532338,457,
EM2,67.804,0.446536651,50.817,32.355,3.829066265,498,
EM2,96.391,0.556139613,92.207,49.171,3.753497164,725,
EM2,,,,,3.67965368,,
EM2,8.6,0.239051095,5.13,3.48,3.358778626,38.2,
EM2,7.72,0.272373541,5.2,5.37,2.878571429,34.71,
EM2,13.68,0.280361757,7.99,4.96,3.65437788,53.47,
EM2,11.2,0.295958279,7.18,6.86,3.81938326,109.5,
EM2,117.28,0.588829284,52.9,37.94,3.570203644,1184.1,
EM2,,0.456,44.1,41.6,4.456140351,814.7,
EM2,,0.556756757,90.8,101.8,5.932038835,1546.7,
EM2,102.6,0.54599874,59.89,62.38,3.864396999,1052.6,
EM2,83.21,0.522752915,47.53,53.96,3.795683453,857.8,
EM2,83.54,0.494586234,44.4,55.59,3.824863174,904.8,
EM2,,,,64,,847.9,
EM2,,,,52.9,,1071.3,
EM2,61.85,0.597144631,32.43,30.11,3.83991684,526.9,
EM2,,,,59.2,,1120,
EM2,,,,18,,566.1,
EM2,95.9,0.850967742,73.8,28.5,3.040181956,627,
EM2,90.3,0.783586626,81.4,29.2,3.173002327,620,
EM2,200.6,0.144943165,346.6,61.3,4.269052886,942,
EM2,77,0.383745583,62.3,33.4,3.070902394,594,
EM2,36.8,0.4375,29.8,10.8,2.226890756,133,
EM2,35,0.417177914,23,21,3.852941176,344,
EM2,68,0.555555556,46,30,3.859259259,483,
EM2,72,0.53909465,43,32,4.152671756,518,
EM2,60,0.395705521,44,43,3.589147287,552,
EM2,61.1,0.494845361,49.6,39.2,3.791666667,600,
EM2,39.3,0.402183406,35.9,26.3,3.724212812,423,
EM2,40.9,0.459693878,34.4,27.8,3.551609323,372,
EM2,42.2,0.615286624,29.5,24.8,3.322981366,389,
EM2,6,,0.53,2,,7.1,
EM2,21,0.271523179,11.55,1.9,3.43902439,119,
EM2,21,0.237762238,11.65,15.4,4,122,
EM2,24.7,0.303414634,18.8,1.9,3.022508039,177,
EM2,17,0.185714286,13.3,17.6,3.938461538,121,
EM2,17.9,0.27345679,13.3,11.7,3.115124153,142,
EM2,52,0.401960784,46.6,34.7,3.422764228,593,
EM2,46.5,0.419230769,39.3,29.9,3.71559633,484,
EM2,51.1,0.263279446,57.2,58.5,4.192982456,706,
EM2,31.6,0.425,27.2,26.7,3.795518207,336,
EM2,64.2,0.449541284,53.7,46.2,3.727891156,629,
EM2,54.7,0.54028436,39.9,36.2,4.01754386,460,
EM2,48.4,0.601328904,45.3,36.3,2.580110497,484,
EM2,53,0.276803119,64.6,42.9,3.929577465,676,
EM2,55.8,0.588516746,40.2,35.7,3.894308943,453,
EM2,54.9,0.584821429,41.6,31.1,3.687022901,466,
EM2,54.7,0.469594595,44.9,33.4,3.316546763,483,
EM2,65.8,0.373873874,62.5,46.3,3.777108434,686,
EM2,60.6,0.489655172,53,27.5,4.028169014,555,
EM2,52.7,0.615384615,41.6,28.5,3.359375,477,
EM2,56.6,0.542372881,43.1,34.1,3.9375,490,
EM2,62.4,0.544061303,51,16.6,4.176056338,544,
EM2,7.07,0.127884615,12.6,19.2,3.884711779,204,
EM2,7.07,0.127884615,12.6,19.2,3.884711779,204,
EM2,2.82,0.104313725,6.51,12.3,6.729323308,78.6,
EM2,2.82,0.104313725,6.51,12.3,6.729323308,78.6,
EM2,3.58,0.190306122,5.5,14.2,3.378016086,87.3,
EM2,3.58,0.190306122,5.5,14.2,3.378016086,87.3,
EM2,3.98,0.219047619,5.18,11,2.543478261,82.8,
EM2,3.98,0.219047619,5.18,11,2.543478261,82.8,
EM2,8.09,0.147138965,17.7,38.9,3.546296296,290,
EM2,8.09,0.147138965,17.7,38.9,3.546296296,290,
EM2,4.85,0.228571429,5.54,3.68,2.25,21.5,
EM2,13.8,0.169402985,18.6,18.9,2.995594714,116,
EM2,14.4,0.119931271,14.9,13.6,3.954154728,112,
EM2,43.4,0.626436782,33.7,28.4,2.853211009,444,
EM2,114,0.618504436,114,44,1.823770492,483,
EM2,76,0.351351351,69.1,13.9,5.353846154,320,
EM2,82.1,0.469375,108,8.94,1.213049268,373,
EM2,12.8,0.178688525,15.3,10.1,1.727828746,121,
EM2,61.5,0.339449541,44.8,57.9,4.297297297,387,
EM2,28,,22.1,12,,,Location9
EM2,32,,27.7,18,,,Location9
EM2,37,,30.4,17,4.544117647,217,Location9
EM2,31,,25.5,13,3.969230769,187,Location9
EM2,22,,17.2,10,,,Location9
EM2,35.33,0.305500331,22.76,12.26,3.867678959,185.2,Location9
EM2,34,,25.7,18,,,Location9
EM2,23.5,0.335664336,18.1,7.33,3.645833333,163,Location9
EM2,48.43,0.385508407,28.76,27.28,4.170301142,348.2,Location9
EM2,31.4,0.323671498,28,20,4.014925373,218,
EM2,32.1,0.365079365,26.1,21.5,4.115942029,256,
EM2,36.3,0.398058252,29,24.1,4.987804878,258,
EM2,39.6,0.420792079,31.4,21.7,5.305882353,303,
EM2,37.6,0.428571429,30.4,24.3,4.688172043,281,
EM2,35.3,0.373205742,27.9,32.9,5.153846154,285,
EM2,43.2,0.418972332,34.1,45.6,4.688679245,351,
EM2,63.1,0.468277946,50.3,38.9,4.664516129,442,
EM2,75.1,0.534883721,59.5,54.8,4.358695652,508,
EM2,62.3,0.463636364,49.7,31.6,4.640522876,431,
EM2,13.78,0.295081967,8.3,9.54,2.861111111,71.95,
EM2,10.91,0.426966292,8.55,7.24,2.605263158,52.88,
EM2,12.68,0.386666667,8.49,9.18,3.310344828,48.8,
EM2,26.43,0.264150943,18.06,20.9,4.267857143,242,
EM2,54.8,0.75,41.3,27.3,3.5,310,
EM2,34,1.5,25.8,11,1.666666667,197,
EM2,3.2,0.448275862,3.85,17.1,1.923076923,12,
EM2,4,0.391304348,3.95,19.9,1.888888889,24,
EM2,,0.233333333,,32.1,9.714285714,,
EM2,37.4,0.416915423,28.3,30.6,4.15274463,257,
EM2,1.01,0.643410853,1.09,3.53,0.987951807,25.4,
EM2,,0.465454545,,18.8,3.515625,,
EM2,,1.201149425,,30.2,1.846889952,,
EM2,,0.529411765,,26.6,2.51010101,,
EM2,,0.453038674,,32.8,4.323170732,,
EM2,,0.71875,,15.1,3.565217391,,
EM2,,0.85,,,4.5,,
EM2,,0.75,,,5,,
EM2,,0.592592593,,,4.104166667,,
EM2,,0.619047619,,29.5,4.230769231,,
EM2,,0.565217391,,28.8,3.923076923,,
EM2,,2,,17.3,2.9,,
EM2,,0.6875,,31.8,3.818181818,,
EM2,,0.979233227,,40.6,1.908646003,,
EM2,27.7,0.102631579,22.48,14.83,4.58974359,270,
EM2,32,0.130337079,28.13,28.04,3.724137931,153,
EM2,31.3,0.062647754,45.82,37.68,3.962264151,184,
EM2,156,0.113432836,82.2,64.6,34.47368421,888,
EM2,134,0.117676768,81.4,53.3,14.07725322,1060,
EM2,69.6,0.370546318,84.9,55.5,2.596153846,802,
EM2,11.2,1.174418605,7.21,4.52,4.99009901,58.4,
EM2,35.1,0.7,21.6,24.4,4.571428571,294,
EM2,15.3,0.333333333,9.5,9,7.5,116.4,
EM2,26.3,0.384615385,14.5,14.4,4.6,166.6,
EM2,23.3,0.625,14.2,4.4,4.2,68,
EM2,67.7,0.571984436,48.1,53.8,4.380952381,529,
EM2,81.5,0.4921875,56.8,90.8,4.153439153,651,
EM2,66.5,0.392156863,52.5,57,5.258333333,623,
EM2,16.5,0.625,10.2,12.1,3,98,
EM2,9.37,0.381818182,5.51,2.55,3.322751323,31.6,
EM2,9.6,0.453405018,5.55,3.46,2.537549407,49.3,
EM2,20.7,0.464634146,11.3,3.92,3.884514436,88.7,
EM2,21.5,0.331961591,11.5,5.08,6.404958678,81.3,
EM2,25.1,0.257553957,15.5,9.38,4.636871508,117,
EM2,11.4,0.428571429,7.7,5.1,3.666666667,66.4,
EM2,23.5,0.267260579,13,5.21,7.041666667,90.3,
EM2,9.9,0.56892779,5.78,3.34,2.796153846,42,
EM2,28,0.339252336,15.7,3.87,5.702479339,154,
EM2,47,0.714285714,33,24,4.1,326,
EM2,36,0.885714286,31.1,20,2.741935484,230,
EM2,44,0.706666667,32,20,3.773584906,253,
EM2,13.1,1.324324324,29.5,46.1,2.367346939,72.7,
EM2,50,0.233333333,39,31,4.142857143,359,
EM2,62,1.4,45,40,5.214285714,387,
EM2,81.5,0.512953368,43.7,40.3,3.898989899,277,
EM2,15.8,0.940298507,40.84,19.3,0.650793651,125,
HIMU,82,0.432762836,69.8,31,3.88700565,455,Location12
HIMU,79,0.454148472,67.5,31,3.288461538,447,Location12
HIMU,69,0.401766004,57.1,36,3.56043956,452,Location12
HIMU,60,0.491856678,47.5,24,3.026490066,383,Location12
HIMU,64,0.479495268,51.1,30,3.578947368,406,Location12
HIMU,52,0.496551724,42,24,3.048611111,362,Location12
HIMU,51,0.443262411,38.5,13,3.104,332,Location12
HIMU,54,0.35546875,35.1,14,4.56043956,275,Location12
HIMU,83,0.481927711,69.6,35,3.45,539,Location12
HIMU,80,0.355769231,66.5,35,4.437837838,562,Location12
HIMU,,0.178947368,19.04,26.3,2.455882353,221.5,
HIMU,10.4,0.382352941,5.85,6.87,6.181818182,34.4,
HIMU,62.6,0.421487603,47.3,34.3,4.735294118,266,
HIMU,4.88,0.406692407,3.52,28.2,1.310126582,47.5,
HIMU,73.5,0.675675676,77.6,20.2,3.973333333,782,
HIMU,2.79,0.388489209,1.4,3.15,3.888888889,18.17,
HIMU,43.3,0.58452381,31,15.2,3.594704684,205,
HIMU,47,0.589473684,33.5,16.9,3.473214286,216,
HIMU,35,0.615602837,25.8,12.1,3.456221198,160,
HIMU,15.7,0.549100968,12.4,2.03,3.400503778,71.7,
HIMU,20,0.505699482,15.8,8.217,3.504098361,89.9,
HIMU,58.1,0.630769231,47.2,20.3,3.699186992,291,
HIMU,39.7,0.5,26,8.718,3.475609756,168,
HIMU,,0.321428571,24.4,5,3.527777778,169,
HIMU,38,0.406542056,28.2,8.94,3.620689655,162,
HIMU,65,,58,20,,270,
HIMU,,0.472222222,50.6,19,3.985294118,290,
HIMU,19,,15.6,4.5,,85,
HIMU,45,0.562275449,31.9,15.2,3.759318424,217,
HIMU,,0.296296296,,14.8,3.1875,,
HIMU,,0.358490566,,12.6,4.684210526,,
HIMU,,0.382978723,,14.1,2.5,,
HIMU,,0.203125,,11.3,4.538461538,,
HIMU,,0.705882353,,7.63,4.462962963,,
HIMU,,0.606451613,,7.86,4.382978723,,
HIMU,,0.388888889,,2.07,6.285714286,,
HIMU,103.7,,85.8,18,4.638497653,402,
HIMU,52,0.454545455,37.4,20,4.295238095,350,
HIMU,37,,24.8,11,4.603174603,147,
HIMU,40,0.356020942,25.2,13,4.529411765,147,
HIMU,68.5,,42,21,4.605263158,266,
HIMU,63.8,,47.3,27,4.119402985,301,
HIMU,79.622,0.4304,20.74,29.18,5.284386617,420.8,Location13
HIMU,47,0.122988506,33,8.4,3.551401869,212,Location13
HIMU,62.4,0.593406593,47.6,32.6,3.787037037,483,
HIMU,23.52,0.078498294,16.42,20.05,6.260869565,416,
HIMU,,,14.9,20,,620,
HIMU,,,41.64,38.6,,667.1,
HIMU,,,12.38,17.9,,324.6,
HIMU,23.6,0.624113475,18.6,16.5,1.636363636,92.5,
HIMU,55.8,0.476439791,36.3,16.4,3.175824176,330,
HIMU,69.4,0.253358925,46.8,25.7,2.856060606,367,
HIMU,28.5,1.017429194,18.28,33.7,3.068522484,745,
HIMU,29.07,1.422169811,10.06,38.8,3.054726368,843,
HIMU,,,,,,,
HIMU,63.4,2.031914894,41.6,27,0.319371728,325,
HIMU,63.6,0.656779661,49.1,26,2.916129032,368,
HIMU,35.6,1.700680272,27.07,20,0.348,244,
HIMU,66,1.790909091,50.19,33,0.360406091,411,
HIMU,55,2.011363636,37.45,24,0.34180791,294,
HIMU,,,,24,,,
HIMU,52.9,1.718562874,45.31,28,0.317073171,428,
HIMU,55.5,2.189873418,37.35,25,0.349710983,316,
HIMU,51.3,1.562189055,43.98,29,0.302547771,525,
HIMU,52,1.65625,34.87,29,0.293800539,393,
HIMU,76,,,,,396,
HIMU,51,,,,,241,
HIMU,84,,,,,56,
HIMU,61.019,0.275200829,41.171,27.931,4.034839925,450,
HIMU,71.4,0.428571429,36.7,25.3,4.010752688,424,
HIMU,66.2,0.413580247,60.5,37.4,3.962686567,397,
HIMU,62.9,0.330033003,44.7,36,4.25,396,
HIMU,78.2,0.407258065,51.5,36.2,4.217821782,432,
HIMU,70.278,0.38320356,59.45,34.205,4.106676343,486,
HIMU,78.773,0.328477786,54.135,36.559,3.952697709,544,
HIMU,74.305,0.479725311,63.547,33.254,4.066121336,472,
HIMU,78.975,0.315764023,56.254,7.224,5.150842266,550,
HIMU,54,,,20,,315,
HIMU,95,,,34,,662,
HIMU,72,,,29,,393,
HIMU,,,,28.8,,,
HIMU,102,0.644578313,70.5,48.7,3.395638629,561,
HIMU,33.1,0.460946746,26.9,13.1,3.543003851,211,
HIMU,86,,,34,,464,
HIMU,58,,,32,,316,
HIMU,39,,,19,,205,
HIMU,95,,,49,,512,
HIMU,35.8,0.617605634,27.6,16.2,3.340935006,225,
HIMU,35,0.678787879,24.3,13.1,3.604910714,196,
HIMU,31.3,0.724137931,24,12.9,3.047619048,176,
HIMU,97,,,50,,532,
HIMU,101,,,53,,512,
HIMU,39.1,0.64751773,29.6,15.6,3.526834611,220,
HIMU,90,,,42,,484,
HIMU,71,,,30,,429,
HIMU,59,,,22,,322,
HIMU,71,,,30,,432,
HIMU,39,,,15,,211,
HIMU,42.7,0.564739884,32.4,15.9,3.848515865,261,
HIMU,86,,,38,,431,
HIMU,47,,,18,,245,
HIMU,50,,,20,,261,
HIMU,26.4,0.762195122,20.5,8.44,3.632,143,
HIMU,41.9,0.518032787,31.8,14.5,3.776371308,254,
HIMU,55.8,0.487068966,41.8,21.3,4.451327434,321,
HIMU,60,,,24,,325,
HIMU,58,,,24,,327,
HIMU,63,,,25,,314,
HIMU,54.3,0.453424658,41,20.5,4.75327291,317,
HIMU,68,,,28,,378,
HIMU,85,,,34,,479,
HIMU,99,,,49,,500,
HIMU,78,,,29,,411,
HIMU,53,,,23,,275,
HIMU,100,,,45,,551,
HIMU,64,0.552301255,47.4,23.7,3.946969697,512,
HIMU,37.3,0.556551724,28.5,12.8,3.903345725,222,
HIMU,52,,,15,,291,
HIMU,99,,,49,,527,
HIMU,76.9,0.411764706,63.8,35.1,5.452380952,432,
HIMU,79,,,31,,409,
HIMU,63,,,48,,339,
HIMU,30.6,0.655752212,24.3,11.4,3.657219973,192,
HIMU,69.9,0.599190283,51.5,28.8,3.655405405,413,
HIMU,71,,,32,,414,
HIMU,,,38,,,,
HIMU,71.06574071,0.462426401,48.38775622,24.41044361,3.547437914,329.3375342,
HIMU,26.91882957,0.553588332,19.40665267,10.76388535,3.431585946,122.4993021,
HIMU,42.20256069,0.566468756,29.04537653,15.38674099,3.431718806,192.2218319,
HIMU,43.8245616,0.523651954,30.21312467,16.28838529,3.496911389,200.1497632,
HIMU,130,0.529535865,81.6,54.8,,584,
HIMU,73.2,0.512367491,49.7,27.2,,369,
HIMU,,0.525892857,,16.8,,,
HIMU,,,,,2.428571429,,
HIMU,,,,,2.245098039,,
HIMU,,,42.6,,,,
HIMU,,,26.5,,,,
HIMU,73.2,,,,,,
HIMU,61.6,,,,,,
HIMU,130,,,,,,
HIMU,,0.698333333,49.98,,,,
HIMU,,0.468823529,28.47,,,,
HIMU,,0.422258065,,,,,
HIMU,,0.48,,,,,
HIMU,,0.557142857,25.55,,,,
HIMU,,0.528484848,58.3,,,,
HIMU,,0.383684211,31.01,,,,
HIMU,,,,18.8,,,
HIMU,,,,27.7,,,
HIMU,,,,32.9,,,
HIMU,,,,7.3,,,
HIMU,,,,24.9,,,
HIMU,,,,27.1,,,
HIMU,55,,38.7,19,3.836206897,335,
HIMU,66,,42.6,24,9.586956522,413,
HIMU,71,,49.5,28,7.012048193,413,
HIMU,55,,36.7,20,7.178571429,335,
HIMU,,,30,,,,
HIMU,44.5,0.510869565,30.1,17.4,3.414893617,237,
HIMU,56.9,0.47983871,40.8,22.3,3.571428571,326,
HIMU,,,,7.5,,,
HIMU,29.24050223,0.261445619,40.67707717,1.558810702,7.787355284,126.8915453,
HIMU,50.73516963,0.527728672,55.57181137,15.01514428,3.396445166,574.3183583,
HIMU,67.14038022,0.522234072,48.00665152,31.0783123,3.514063205,395.3913181,
HIMU,65.6,0.583333333,46.8,24.9,2.98757764,363,
HIMU,66.3,0.45862069,44.4,24.1,3.428571429,359,
HIMU,57.9,0.470119522,40.1,18.8,3.694915254,313,
HIMU,46.7,0.478672986,32.2,19,3.415841584,273,
HIMU,38.3,0.463855422,27.2,11.7,3.844155844,206,
HIMU,24.9,0.525252525,17.7,9.81,3.5,130,
HIMU,39.6,0.539473684,27.4,15.6,3.43902439,208,
HIMU,37,0.543478261,24.6,13.9,3.32,183,
HIMU,,,,45.5,,,
HIMU,,,,37.6,,,
HIMU,,,,42.2,,,
HIMU,,,,42.9,,,
HIMU,,,,26.6,,,
HIMU,,,,46.1,,,
HIMU,,,,37.1,,,
HIMU,,,,42.5,,,
HIMU,,,,36.9,,,
HIMU,,,,41.7,,,
HIMU,,,70,,,,
HIMU,69.5,0.444785276,47.1,28.1,3.551724138,375,
HIMU,88.7,0.515075377,70.9,35.8,3.551219512,464,
HIMU,42,,25.6,16,,211,
HIMU,51,,32.7,18,3.247787611,276,
HIMU,42,,26.6,11,3.658227848,201,
HIMU,125,,,46,,552,
HIMU,54,,,1,,268,
HIMU,112,,80.5,42,,492,
HIMU,122,,80.6,44,,611,
HIMU,86,,,26,,501,
HIMU,68,,50.2,24,,373,
HIMU,47,,29.5,12,3.378947368,225,
HIMU,66,,41.6,21,2.577142857,327,
HIMU,81,,50.2,27,,367,
HIMU,88,,60.8,30,,430,
HIMU,76,,,22,,377,
HIMU,48,,33.8,15,,247,
HIMU,68,,41.3,18,,307,
HIMU,88,,,31,,407,
HIMU,54,,37.5,19,,271,
HIMU,42,,28,14,3.653846154,430,
HIMU,52,,39,12,3.147826087,427,
HIMU,100,,,30,,963,
HIMU,,,31.7,16.1,,275,
HIMU,,,,11.8,,,
HIMU,,,,9,,,
HIMU,,,28.6,,,,
HIMU,38.5,,,,,,
HIMU,,,,22.2,,,
HIMU,,0.509708738,,,,,
HIMU,23.2,0.203703704,21.3,5.39,3.409090909,206,
HIMU,,,,26.3,,,
HIMU,,0.449838188,,,,,
HIMU,,,,9,,,
HIMU,29,,20.3,10,,138,
HIMU,52,,31.7,17,,259,
HIMU,44,,28.2,14,3.082474227,217,
HIMU,52,,,16,,243,
HIMU,86,,52.1,32,,408,
HIMU,75,,48.3,22,3.064705882,362,
HIMU,39,,26.1,13,2.85,182,
HIMU,70,,47.6,200,2.695187166,334,
HIMU,76,,50.6,25,,382,
HIMU,84,,52.9,30,2.662100457,393,
HIMU,60,,,41,,343,
HIMU,46,,,13,,222,
HIMU,97,,59.7,36,,459,
HIMU,85,,,26,,435,
HIMU,66,,50.1,18,,544,
HIMU,73,,40.7,22,,345,
HIMU,99,,60.5,37,,452,
HIMU,141,,83.4,59,,578,
HIMU,,,,23.6,,,
HIMU,,,,21.4,,,
HIMU,,,,26.2,,,
HIMU,,,,28.1,,,
HIMU,,,,33,,,
HIMU,,,,36.9,,,
HIMU,,,,7.1,,,
HIMU,,,,26.6,,,
HIMU,,,,21.6,,,
HIMU,43,,,16,,233,
HIMU,64,,,26,,343,
HIMU,93,,,50,,667,
HIMU,78,,,35,,497,
HIMU,106,,,63,,666,
HIMU,25.4,0.671641791,20.1,10.3,3.444444444,147,
HIMU,68,,,27,,371,
HIMU,100,,,46,,538,
HIMU,44.9,0.573033708,33.6,18,3.529411765,258,
HIMU,72,,,31,,398,
HIMU,54,,,25,,331,
HIMU,97,,,47,,523,
HIMU,62.9,0.619607843,49.8,28.2,3.607594937,376,
HIMU,58,0.555045872,43.7,22.7,4.099173554,344,
HIMU,55.3,0.573333333,41.9,18.9,3.651162791,318,
HIMU,97,,,41,,577,
HIMU,81,,,34,,421,
HIMU,37.9,0.689130435,28.8,15.8,3.501577287,217,
HIMU,85.7,0.62568306,89,40.4,3.585152838,524,
HIMU,83,,,34,,464,
HIMU,50,,,17,,276,
HIMU,116,0.637426901,96.2,70.3,3.73088685,815,
HIMU,112,0.613899614,94.8,64.9,3.836477987,778,
HIMU,122,1.27238806,95.5,37.4,2.53372434,613,
HIMU,56.9,1.111111111,39.5,44.2,2.071428571,489,
HIMU,48.1,0.67032967,43.4,17,3.37704918,362,
HIMU,120.5,0.615686275,80.7,31.3,4.631483167,841,
HIMU,209.6,0.08718232,60.9,38.8,26.89480355,1978,
HIMU,131.5,0.409747292,96.3,19.3,5.383259912,446,
HIMU,85.3,0.448657718,98.6,25,4.315632012,2103,
HIMU,64.2,0.736453202,53.4,22.9,3.337792642,482,
HIMU,70.6,0.633802817,49.6,53.2,3.792592593,489,
HIMU,70.8,0.621513944,49.7,36.1,3.602564103,469,
HIMU,120,0.510708402,76.6,81.4,3.709677419,827,
HIMU,51.9,0.566081871,38.2,22.3,3.811983471,405,
HIMU,80.5,0.612903226,66.4,30,3.394736842,578,
HIMU,128.2,0.545008183,81.9,92.7,3.567567568,1025,
HIMU,31.6,0.5,26.9,25,3.662162162,267,
HIMU,42,1.314285714,30,22,3.739130435,362,
HIMU,79,0.859375,54,26,2.863636364,511,
HIMU,99,0.731884058,73,18,3.54950495,601,
HIMU,78.5,0.542662116,60.6,49.2,3.811320755,592,
HIMU,79.4,0.573943662,60.6,44.7,3.717791411,587,
HIMU,62,65,56,29,3.056410256,528,
HIMU,72,0.555084746,47,24,3.86259542,452,
HIMU,105.8,0.580375783,72,59,3.446043165,664,
HIMU,67.3,0.833333333,51.6,40.5,3.657142857,605,
HIMU,71.2,0.574380165,52.6,30.3,4.136690647,510,
HIMU,107,0.579918033,77.8,59.6,3.886925795,803,
HIMU,61.4,0.597345133,52.9,23.3,3.733333333,509,
HIMU,62.8,0.532188841,48.6,25.8,4.217741935,487,
HIMU,79.9,0.596899225,62.8,54.4,3.753246753,595,
HIMU,79.2,0.618677043,63.6,41.3,3.257861635,617,
HIMU,41.3,0.577931034,36.1,15.4,3.675417661,432,
HIMU,43.4,0.582802548,38.4,18.4,3.56284153,395,
HIMU,75.5,0.436170213,58.3,29.8,5.146341463,571,
HIMU,42.6,0.544078947,37.3,18.6,3.893591294,412,
HIMU,61.7,0.562015504,65.9,19.8,3.668965517,589,
HIMU,50.5,0.631578947,44.4,25.1,3.608333333,446,
HIMU,47.9,0.637419355,37.4,23.7,3.552631579,380,
HIMU,103,0.556028369,60.2,86.1,3.392857143,641,
HIMU,79,0.443349754,54.3,40.1,2.280555556,434,
HIMU,60.2,0.774336283,46.4,33.6,2.988571429,471,
HIMU,59.3,0.585714286,40.6,15.8,3.455284553,357,
HIMU,52.8,0.461538462,40,36.3,4.425925926,403,
HIMU,78.6,0.520123839,61.2,42.3,3.446428571,773,
HIMU,115.1,0.721590909,86,51.3,3.976377953,907,
HIMU,57.6,0.625514403,45.6,31.6,3.322368421,440,
HIMU,88.2,0.545454545,71.6,44.1,3.715053763,685,
HIMU,28.5,0.484745763,21.3,14.1,3.933566434,197,
HIMU,72.2,0.907395498,54,64.1,1.977321049,373,
HIMU,78.5,0.624535316,60.8,31.1,4.648809524,577,
HIMU,108,,76.8,28,,660,
HIMU,59.9,0.532142857,55.5,32.7,3.88590604,496,
HIMU,61.8,0.462732919,49.1,39.5,3.657718121,502,
HIMU,51.9,0.47257384,41.9,24.9,3.910714286,366,
HIMU,43.4,0.406796117,30.4,20.6,3.949880668,352,
HIMU,78.7,0.491428571,65.5,41.5,3.86627907,648,
HIMU,73.5,0.506993007,61.8,42.4,4.227586207,592,
HIMU,64.8,0.507874016,51.6,34.8,4.03875969,514,
HIMU,57.8,0.56147541,49.5,30.4,4.189781022,444,
HIMU,45.2,0.498469388,38.6,21.3,4.083930399,384,
HIMU,38.9,0.197318008,32.1,24.3,3.873786408,313,
HIMU,71.6,0.86,70.4,17.9,2.093023256,453,
HIMU,48.9,0.534782609,42.4,24.9,3.634146341,374,
HIMU,136,0.531716418,109,65.9,4.245614035,870,
HIMU,118,0.541950113,91.7,60.2,4.083682008,809,
HIMU,89,0.534825871,69.8,48.4,3.702325581,657,
HIMU,53.7,0.473498233,48,28.6,3.895522388,469,
HIMU,71.4,0.591695502,68.3,29.9,3.824561404,538,
HIMU,73.3,0.570934256,67.9,30.8,3.745454545,528,
HIMU,50.8,0.515695067,47.7,24.4,3.869565217,401,
HIMU,68.1,0.50862069,53.5,28.7,3.355932203,419,
HIMU,49,0.407142857,35,17.9,4.426450742,357,
HIMU,44.3,0.470873786,46.8,16.2,3.93814433,376,
HIMU,62,0.518828452,56,21,3.903225806,362,
HIMU,51,0.431952663,35,17,3.95890411,218,
HIMU,97,0.544578313,87,39,3.694690265,512,
HIMU,55,0.524886878,45,22,3.844827586,292,
HIMU,274,1.684065934,190,96.5,3.181076672,1351,
HIMU,272,1.325699746,197,98.4,4.107485605,1376,
HIMU,311,1.274350649,246,54.8,2.98089172,1151,
HIMU,397,0.827288428,304,145,6.200417537,1368,
HIMU,331,1.109289617,267,103,4.121510673,1156,
HIMU,,0.045482866,24.69,,4.164383562,,
HIMU,56,0.426778243,39,31,3.882352941,474,
HIMU,93.4,0.771653543,74.3,31.2,3.137755102,492,
HIMU,46.4,0.563829787,33,14.7,3.198113208,260,
HIMU,68.4,0.52688172,48.5,30,3.523809524,393,
HIMU,68.6,0.554347826,48,26.3,3.392156863,389,
HIMU,44.1,0.489447236,32.4,19,3.41889117,239,
HIMU,67.9,0.519298246,48.6,27.1,3.540540541,393,
HIMU,10.3,0.077414075,18.8,42.8,7.906976744,314,
HIMU,10.3,0.077414075,18.8,42.8,7.906976744,314,
HIMU,164.44,0.569072165,93.45,71.22,3.663043478,980.24,Location11
HIMU,182.17,0.52661597,97.73,50.76,3.664259928,526.17,Location11
HIMU,319.41,0.736842105,151.39,52.09,2.454887218,1317.39,Location11
HIMU,164.4,0.794392523,94.92,49.42,3.862745098,857.69,Location11
HIMU,192.72,0.602339181,109.34,70,3.822006472,1069.43,Location11
HIMU,298.67,0.6184379,133.32,75.47,2.209109731,981.96,Location11
HIMU,282.52,0.679624665,191.57,58.26,4.033530572,1331.36,Location11
HIMU,140.74,0.571776156,81.99,48.72,3.834042553,742.86,Location11
HIMU,277.41,0.685560054,172.99,56.9,3.242125984,1383.79,Location11
HIMU,89.84,0.547169811,67.91,38.6,3.879310345,624.04,Location11
HIMU,227.32,0.695327103,124.41,75.2,3.806451613,1116.22,Location11
HIMU,200.39,0.609105181,140.52,82.1,3.878865979,1362.43,Location11
HIMU,252.57,0.544578313,162.07,53.99,3.924778761,751.28,Location11
HIMU,2.16,0.090909091,2.34,1.41,3,15.67,
HIMU,78.9,0.451612903,64.6,35.5,4.785714286,599,
HIMU,52.8,0.316326531,29.1,41.9,4.268817204,296,
HIMU,51,1.25,43.06,31,3.36,337,
HIMU,55,1.37,41.4,23,2.96350365,402,
HIMU,55,1.36,36,24,2.926470588,419,
HIMU,55,1.27,40.4,23,3.196850394,371,
HIMU,91.1,0.322160149,80.8,36,4.294797688,380,
HIMU,88.1,0.337944664,75,30.9,4.210526316,450,
HIMU,87,0.95,63,45,4.105263158,479,Location12
HIMU,106,0.571428571,88,66,7.083333333,774,Location12
HIMU,83,0.75,64,42,5.416666667,627,Location12
HIMU,61,0.625,47,20,5.5,371,Location12
HIMU,109,0.696969697,84,42,4.869565217,498,Location12
HIMU,24,,15,7.3,,134,
HIMU,23,,13,4.5,,132,
HIMU,49,0.863636364,42.3,15,3.642105263,296,Location12
HIMU,42,1.28,30.8,18,3.90625,219,Location12
HIMU,44,0.692307692,31.1,17,3.222222222,250,Location12
HIMU,76,0.483870968,52,27,4.125925926,493,
