Reservoir,U/Pb,Nb,Th/U,La,Rb,Ba,Location
DM,0.321311475,,2.704081633,,,,
DM,0.347169811,,2.934782609,,,,
DM,0.36407767,,2.773333333,,,,
DM,,1.27,,1.47,,,
DM,0.28496732,,3.004587156,,,,
DM,0.28,25.4,3.081632653,24.5,19.4,319,
DM,0.302702703,,3.244047619,,,,
DM,0.318981481,,3.222060958,,,,
DM,0.274647887,28.5,2.871794872,26.6,26.7,295,
DM,0.11884058,16.3,1.429878049,11.5,9.4,91.1,
DM,0.424324324,,2.261146497,,,,
DM,,2.4,,2.88,,,
DM,0.337142857,12.5,1.747881356,10.3,9.71,80.3,
DM,0.254515599,23,2.24516129,17.3,18.5,141,
DM,0.331325301,,3.018181818,,,,
DM,0.329761905,,2.779783394,,,,
DM,1.062244898,,0.816522574,,,,
DM,0.420338983,29.35,2.721774194,16.8,10,313,
DM,0.352,,2.424242424,,,,
DM,0.15026178,,3.240418118,,,,
DM,0.342424242,28.52,3.185840708,16.77,9.7,294,
DM,,0.9,,1.69,,,
DM,0.092555332,3.16,1.891304348,3.18,4.16,105,
DM,0.216793893,,3.204225352,,,,
DM,,3.84,,4.83,,,
DM,1.202816901,,0.644028103,,,,
DM,0.169565217,,2.703962704,,,,
DM,0.270512821,,3.317535545,,,,
DM,0.206756757,,4.77124183,,,,
DM,0.315384615,,3.008130081,,,,
DM,0.010483384,,1.988472622,,,,
DM,0.500337838,49.2,3.625928427,41.71,26.6,620,
DM,0.180555556,7.3,3.384615385,7.3,4.7,55,
DM,0.491803279,42.9,3.811111111,29,26,435,
DM,0.217821782,14,4,12.7,7.3,83,
DM,0.21875,13.5,3.380952381,12.9,6.7,90,
DM,0.48255814,46.9,3.855421687,28.2,29.3,560,
DM,0.487603306,29.7,3.86440678,21.8,18.9,304,
DM,0.231707317,7.2,2.421052632,8.1,5.8,72,
DM,0.142857143,5.2,3.428571429,4.14,2.9,35,
DM,0.131147541,5.4,3.625,4.84,2.7,44,
DM,0.200980392,18.4,3.317073171,21.4,14.4,187,
DM,0.188235294,7.2,3.0625,8.05,5.4,70,
DM,0.13253012,5.7,3.454545455,6.45,3.9,51,
DM,0.166666667,5.9,2.9,5.73,4,46,
DM,0.123966942,7.3,3.4,8.27,5.4,67,
DM,0.228070175,8.5,3.615384615,7.87,3.3,54,
DM,0.308510638,15.7,3.206896552,16.3,9.1,110,
DM,0.203125,7.7,2.692307692,6.19,3.8,47,
DM,0.4921875,58.5,4.380952381,43.9,17.3,722,
DM,0.138686131,9.1,3.473684211,10.4,7.3,91,
DM,0.171428571,9.4,3.277777778,10,5.9,106,
DM,0.195652174,9.2,3.444444444,9.85,6.3,74,
DM,0.177419355,13.5,3.863636364,13.7,7.1,93,
DM,0.058727569,20.4,4.305555556,22.8,10.9,175,
DM,0.176470588,24,3.176470588,24.4,19.3,221,
DM,,4.26,,5.77,,,
DM,0.434108527,62.3,3.473214286,37.6,38.3,650,
DM,0.426923077,63,3.576576577,38.2,40.4,659,
DM,0.415686275,58.3,3.471698113,35.3,38,646,
DM,0.357859532,60.6,3.598130841,36.4,37.7,726,
DM,0.428015564,61.3,3.390909091,37.8,38.4,635,
DM,0.443636364,63.8,3.483606557,39.8,42.8,676,
DM,0.496644295,40,3.472972973,24.9,26.7,431,
DM,0.469387755,37.7,3.579710145,24.5,23.5,424,
DM,0.359322034,63.1,3.745283019,37.4,42,761,
DM,0.438405797,67.2,3.462809917,40.5,42.5,708,
DM,0.638554217,77.7,3.402515723,49.2,52.4,806,
DM,0.48427673,40.5,3.402597403,25.4,26.3,423,
DM,0.476821192,37.9,3.402777778,23.7,23,388,
DM,,4.9,,5.57,,,
DM,,5,,5.58,,,
DM,0.248120301,15.47,3.303030303,13.37,10.61,170.31,
DM,0.285714286,14.13,3.029411765,11.92,5.25,138.1,
DM,0.299212598,14.97,2.868421053,12.63,2.25,142.99,
DM,0.245762712,12.99,3.24137931,10.89,8.54,146.07,
DM,0.301470588,16.03,2.853658537,13.55,5.99,144.25,
DM,0.257352941,15.5,3.257142857,13.18,9.23,160.64,
DM,0.289855072,16.18,3,13.76,3.09,143.63,
DM,0.28125,15.41,3.111111111,12.79,5.13,130.18,
DM,0.278195489,15.77,3.081081081,13.37,4.23,147.97,
DM,0.298611111,17.04,2.88372093,14.3,6.61,160.29,
DM,0.253968254,14.67,3.28125,12.38,8.23,149.41,
DM,0.277372263,16.18,2.973684211,13.38,5.23,152.93,
DM,0.31496063,15.02,2.75,12.67,3.52,120.76,
DM,0.268907563,14.08,3.21875,11.87,8.21,141.78,
DM,0.264150943,12.97,3.357142857,10.82,9.31,138.21,
DM,0.3,14.53,2.944444444,12.15,3.1,123.09,
DM,0.321428571,14.26,2.75,11.66,4.27,119.79,
DM,0.266055046,13.15,3.344827586,10.92,7.19,144.18,
DM,0.288135593,14.17,3.117647059,11.56,5.67,160.21,
DM,0.303571429,13.83,2.941176471,11.41,2.91,118.99,
DM,0.294117647,18.86,2.888888889,15.49,8.11,163.93,
DM,0.327433628,14.42,2.864864865,12.22,7.65,160.69,
DM,0.276190476,13.13,3.310344828,10.86,6.46,132.46,
DM,0.293478261,11.63,3.148148148,9.72,4.62,113.96,
DM,,2.86,,3.11,,,
DM,,3.01,,3.05,,,
DM,,3.62,,4.71,,,
DM,,2.54,,4.14,,,
DM,,2.57,,4.01,,,
DM,,3.46,,4.86,,,
DM,0.577689243,42.5,1.731034483,39.9,84.1,142,
DM,,5.98,,5.52,,,
DM,,1.77,,3.1,,,
DM,,3.31,,4.35,,,
DM,,2.84,,3.53,,,
DM,,2.93,,3.44,,,
DM,0.320987654,7.99,0.846153846,6.72,9.95,37.5,
DM,0.533333333,8.57,1,4.44,4.99,30.2,
DM,,1.47,,2.05,,,
DM,0.215396996,3.48,3.079701121,3.53,,,
DM,0.199733244,2.75,3.148580968,3.22,,,
DM,0.586206897,,2.890756303,,25.78,,PrattWelker
DM,0.551569507,,2.983739837,,24.12,,PrattWelker
DM,,62,,,29,249,PrattWelker
DM,,64,,,29,251,PrattWelker
DM,,66,,,42,314,PrattWelker
DM,,141,,,45,272,PrattWelker
DM,,6,,,11,62,PrattWelker
DM,0.15,6.3,1.266666667,6.1,7,,PrattWelker
DM,,7,,,6,71,PrattWelker
DM,,7,,,8,38,PrattWelker
DM,0.27,6.6,1.62962963,7,4,92,PrattWelker
DM,0.404761905,10.38,1.205882353,5.98,3.82,88.9,PrattWelker
DM,,12.9,,12.7,2.78,177,PrattWelker
DM,,9.3,,7.7,9.63,66,PrattWelker
DM,,10.2,,9.2,10.6,69,PrattWelker
DM,0.214285714,8.96,2.066666667,5.56,12.6,50.3,PrattWelker
DM,,9.3,,9.4,4.5,39,PrattWelker
DM,0.352941176,8.43,1.541666667,6.72,7.72,40.8,PrattWelker
DM,,10.7,,7.9,4.82,60,PrattWelker
DM,,10.1,,8.1,12.3,29,PrattWelker
DM,0.265625,9.13,2.588235294,7.46,5.58,47.6,PrattWelker
DM,,10.4,,8.6,4.67,47,PrattWelker
DM,0.3,7.17,2.333333333,4.16,4.93,49.2,PrattWelker
DM,0.195652174,4.97,2.666666667,4.05,9.63,25.8,PrattWelker
DM,0.234042553,5.56,2.454545455,4.69,1.63,34.6,PrattWelker
DM,,5.3,,4.4,5.6,18,PrattWelker
DM,,,,,4.05,,PrattWelker
DM,,,,,0.6,,PrattWelker
DM,0.521472393,,0.511764706,,1.05,,PrattWelker
DM,0.157051282,,1.714285714,2.99,0.61,6.62,PrattWelker
DM,0.07480315,,3.178947368,,,,PrattWelker
DM,0.145631068,,2.444444444,,,,PrattWelker
DM,2.71875,7.68,0.180076628,6.68,3.9,45.7,PrattWelker
DM,0.1925,,1.207792208,,0.87,,PrattWelker
DM,0.129032258,9.5,2.75,7.8,1.84,40,PrattWelker
DM,,6.3,,,2.4,12,PrattWelker
DM,0.34280303,,2.513812155,,,,PrattWelker
DM,0.2192,,2.459854015,,,,PrattWelker
DM,0.209022556,,2.143884892,5.96,3.1,20.4,PrattWelker
DM,,,,,2.03,,PrattWelker
DM,,,,,1.47,,PrattWelker
DM,0.25257732,,2.591836735,,,,PrattWelker
DM,0.093851133,,1.551724138,,,,PrattWelker
DM,0.628881988,,0.627160494,,,,PrattWelker
DM,0.74789916,,1.745318352,7.7,1.97,20.2,PrattWelker
DM,0.393650794,,1.665322581,,1.94,,PrattWelker
DM,0.076923077,,2,,0.87,,PrattWelker
DM,0.538461538,,0.731092437,,,,PrattWelker
DM,0.287841191,,1.620689655,3.72,0.98,12.4,PrattWelker
DM,0.254847645,,1.902173913,,,,PrattWelker
DM,,13,2.405405405,8.28,6,64,PrattWelker
DM,0.389130435,,2.782122905,,,,PrattWelker
DM,0.2421875,,1.44516129,,,,PrattWelker
DM,0.295373665,,2.060240964,4.12,0.91,18,PrattWelker
DM,0.264802632,,2.559006211,,,,PrattWelker
DM,0.460526316,,1.361904762,,,,PrattWelker
DM,0.149144254,,2.37704918,2.86,2.95,12.7,PrattWelker
DM,0.475256769,,2.406679764,,,,PrattWelker
DM,0.552795031,,2.128089888,13.8,5.8,120,PrattWelker
DM,0.244604317,,2.036764706,5.59,3.24,30.3,PrattWelker
DM,0.226890756,,1.287037037,,,,PrattWelker
DM,0.25862069,,3.4,,,,PrattWelker
DM,0.310646388,,1.46878825,,,,PrattWelker
DM,0.015360983,3.74,2.7,4.94,,16.8,
DM,0.178571429,4.79,3,5.24,,14.7,
DM,0.15,4.4,3,4.98,,13.4,
DM,0.152173913,3.13,2.857142857,3.98,,8.8,
DM,0.254237288,14.8,3.166666667,13.75,,47.1,
DM,0.25,7.7,3.117647059,6.87,,33.1,
DM,0.217391304,6.86,2.933333333,6.22,,26.6,
DM,0.222222222,6.03,2.714285714,5.57,,25.1,
DM,0.416666667,15.12,2.4,16.07,,54.4,
DM,,4.2,,,2.86,,
DM,0.144444444,0.86,,2.19,0.635,4.33,
DM,0.059665871,0.6,,2.89,1.17,3.78,
DM,0.148288973,0.78,,1.87,0.718,2.77,
DM,0.240384615,10.7,2.76,11.92,,26,
DM,0.166666667,4.92,2.9,4.64,,14.5,
DM,0.196078431,4.28,2.6,4.81,,12.5,
DM,0.146341463,2.61,2.666666667,3.17,,8.9,
DM,0.176470588,2.36,2,2.77,,6.3,
DM,0.203389831,5.12,2.416666667,5.61,,14.4,
DM,0.181818182,3.15,2.375,3.91,,8.8,
DM,0.222222222,3.864,2.372340426,4.32,1.91,11,
DM,0.177419355,4.61,2.545454545,5.26,,15.3,
DM,0.20754717,4.79,2.454545455,5.44,,13.4,
DM,0.173594132,3.63,3.366197183,3.8,,14.62,
DM,0.047770701,3.09,3.5,4.77,,5.91,
DM,0.030015798,2.45,4.578947368,3.23,0.2,4.78,
DM,0.18744186,19.52,2.967741935,14.53,10.12,128.58,
DM,0.678062678,3.91,0.945378151,3.83,1.62,11.22,
DM,0.330241187,5.39,1.859550562,5.19,2.55,21.48,
DM,0.043918919,0.88,4.153846154,1.91,,3.24,
DM,0.097435897,0.6,2.368421053,1.29,0.12,2.59,
DM,0.185810811,4.29,2.472727273,4.51,1.74,16.95,
DM,0.142857143,1.17,1,2.27,,2.5,
DM,0.388888889,1.04,1.857142857,1.46,0.02,1.34,
DM,0.43373494,1.24,0.972222222,2.34,0.03,2.2,
DM,0.43877551,1.36,0.906976744,2.46,0.1,2.59,
DM,0.129129129,2.84,2.279069767,4.27,,3.79,
DM,0.169329073,2.85,2.150943396,4.29,,3.96,
DM,0.09976247,1.33,2.30952381,2.42,0.36,11.33,
DM,0.137931034,1.81,2.3125,2.65,0.14,2.9,
DM,0.147147147,1.54,0.897959184,2.45,0.29,3.17,
DM,0.11875,1.84,2.684210526,3.04,0.08,4.64,
DM,0.031161473,2.06,6.181818182,3.19,,3.79,
DM,0.194029851,5.79,2.384615385,7.25,,12.2,
DM,,3.06,,4.67,,10.6,
DM,0.183673469,4.23,2.444444444,5.15,,9.9,
DM,0.113636364,2.19,2.2,2.9,,5.4,
DM,0.196721311,2.32,1.083333333,3.14,,7.4,
DM,0.244067797,5.86,2.951388889,4.94,3.57,40.3,
DM,0.100457317,,3.509863429,,,,
DM,0.127565392,,3.659305994,,,,
DM,0.16988417,1.82,8,2.43,0.84,8.32,
DM,0.084615385,,3.166144201,,,,
DM,,3.1,,4.28,,10,
DM,,2.98,,4.04,,22.4,
DM,,3.09,,3.78,,10.6,
DM,,,,4.06,,11.4,
DM,,2.94,,4.23,,10.1,
DM,,3.09,,3.9,,11.5,
DM,,,,3.8,,13.7,
DM,,3.03,,3.76,,11.8,
DM,,1.57,,3.58,0.529,,
DM,,1.1,,,0.9,,
DM,0.042704626,0.75,2.291666667,2,2.4,14.06,
DM,0.063636364,0.64,1.642857143,1.63,1.32,7.32,
DM,0.173333333,3.18,1.946153846,4.84,3.78,24.4,
DM,0.100487805,2.51,1.912621359,4.36,4.7,40.13,
DM,,1.1,,,0.268,,
DM,,1.23,,3.14,0.212,,
DM,,1.21,,3.22,0.069,,
DM,,0.74,,2.47,1.164,,
DM,,0.62,,1.89,0.108,,
DM,0.125,1.9,5,2.3,0.17,7,
DM,,2.25,,2.3,,,
DM,,3.65,,4.28,,,
DM,0.118380062,0.639,1.684210526,1.18,2.96,8.18,
DM,,,,16.13,20.5,185.5,
DM,0.079295154,11.9,3.666666667,11.52,3.61,44,
DM,0.080321285,13.36,3.9,12.95,4.72,51,
DM,,,,21.38,8.53,77.9,
DM,,,,14.23,5.05,55.8,
DM,0.080321285,14.5,3.9,12.95,4.71,51,
DM,0.079295154,12.8,3.666666667,11.52,3.61,44,
DM,0.234962406,3.03,1.552,3.91,6.41,13.1,
DM,0.847599165,1.47,0.275862069,2.58,5.44,31.5,
DM,,,,,0.86,11.9,
DM,,,,3.51,5,16.2,
DM,,,,4.69,,24,
DM,,,,3.06,1.55,16.3,
DM,0.036764706,2.17,3.4,3.05,1.36,22.37,
DM,,,,6.8,2.28,29.3,
DM,,,,13.2,5.12,54,
DM,,,,9.79,3.15,42.5,
DM,,,,13.1,1.39,56.5,
DM,0.064814815,3.44,3.142857143,4.46,1.34,22,
DM,,,,2.58,0.84,17.6,
DM,,,,9.57,,54.3,
DM,,,,11.1,6.9,53.9,
DM,0.101123596,9,4.111111111,7.92,2.25,34,
DM,0.064814815,5.7,3.142857143,4.46,1.34,22,
DM,0.101123596,5.71,4.111111111,7.92,2.25,34,
DM,0.055555556,1.33,3,1.92,0.22,6.43,
DM,,,,2.04,0.325,7.2,
DM,,,,,0.631,9.3,
DM,,,,2.58,0.487,9.1,
DM,,,,3.05,,10.2,
DM,,,,2.89,,9.8,
DM,1.128078818,1.76,0.279475983,2.48,3.12,6.7,
DM,0.355839416,3.05,1.097435897,3.77,24.3,93,
DM,0.202531646,16.8,3.625,13.41,7.66,112.2,
DM,0.174603175,10.57,3.590909091,9.77,4.07,97.59,
DM,0.205882353,12.86,3.142857143,10.85,6.08,82.08,
DM,,,,,6.03,65.2,
DM,0.260869565,15.72,3,12.83,7.96,106.1,
DM,0.2,19.92,3.941176471,16.2,7.63,135.7,
DM,0.184210526,13.32,3.428571429,11.88,6.38,156.9,
DM,0.21641791,15.31,3.24137931,11.29,7.93,98.3,
DM,0.667721519,0.797,0.293838863,1.64,2.57,2.26,
DM,0.092783505,4.58,3.555555556,5.19,1.79,46,
DM,0.260869565,9.2,3.111111111,7,2.24,58.33,
DM,0.295652174,18.64,3.382352941,12.8,7.99,118.6,
DM,0.238095238,3.63,2.4,3.38,1.75,34.19,
DM,0.28610729,5.23,1.831730769,6.3,6.77,32.3,
DM,0.144032922,1.11,2.542857143,1.55,0.658,3.76,
DM,0.180360721,2.53,2.333333333,3.07,2.59,11.9,
DM,0.390625,5.36,3.008,5.32,1.46,28,
DM,0.22392638,2.54,1.48630137,4.39,2.47,31.8,
DM,0.227074236,1.94,1.605769231,2.66,2.04,22.4,
DM,0.27672956,2.02,1.121212121,3.13,5.02,10.8,
DM,0.381443299,1.26,0.828828829,1.68,6.43,14.2,
DM,0.119341564,0.403,1.482758621,0.63,2.16,0.8,
DM,0.263959391,1.06,0.711538462,1.71,5.88,26.2,
DM,0.493181818,0.996,0.373271889,2.07,3.6,26.8,
DM,0.219123506,0.62,0.854545455,0.916,1.65,3.17,
DM,0.463556851,0.75,0.465408805,1.7,2.19,28.3,
DM,0.625,0.598,0.224242424,1.16,5.36,6.6,
DM,,,,23,0.8,12,
DM,,,,21,,185,
DM,,,,7,,27,
DM,,,,15,,11,
DM,,,,11,4.1,50,
DM,0.207236842,0.716,0.714285714,1.4,0.47,6.5,
DM,,,,1.3,,,
DM,,2.09,,2.2,0.588,6.6,
DM,,9.83,,6.23,3.81,49.1,
DM,,8.75,,5.92,4.18,52.4,
DM,,11.05,,7.24,6.007,71.1,
DM,,10.97,,7.08,7.298,57.3,
DM,,0.78,,1.09,0.265,,
DM,0.506542056,3.45,0.741697417,4.08,2.48,15.77,
DM,0.156739812,3.25,2.24,3.98,1.55,14.15,
DM,0.163106796,3.09,1.928571429,3.57,2.09,15.21,
DM,,1.89,,2.98,0.46,10.1,
DM,,2.22,,2.73,0.483,,
DM,,2.25,,2.73,0.383,9.4,
DM,,,,3.3,1.76,11.5,
DM,0.139784946,5.12,2.888888889,4.56,2.6,25.91,
DM,0.11589404,3.28,3.085714286,4.2,1.45,14.94,
DM,0.048654837,3.08,2.282352941,3.97,1.9,14.49,
DM,0.090673575,1.83,3.342857143,2.42,0.89,9.54,
DM,0.134980989,2.6,2.690140845,3.08,2.1,13.64,
DM,,2.27,,3.26,1.18,,
DM,,1.24,,1.87,0.343,,
DM,,1.26,,1.81,0.258,,
DM,,1.75,,2.07,0.656,29.8,
DM,,,,2.9,1.26,7.28,
DM,,1.6,,2.05,0.633,7.9,
DM,,1.58,,2.3,0.459,,
DM,,,,2.21,0.47,6.37,
DM,,,,,1.597,,
DM,,2.66,,3.84,0.482,,
DM,0.291666667,11.24,2.380952381,7.31,5.75,73.96,
DM,0.40625,10.61,2.038461538,6.85,6.88,64.86,
DM,0.317460317,8.16,2.45,5.67,5.52,52.11,
DM,0.323076923,10.15,2.285714286,6.49,5.04,57.44,
DM,,3.3,,,0.489,,
DM,,6,,,2.267,,
DM,,,,,0.96,50.3,
DM,,,,,2.08,17.3,
DM,,,,,0.81,25.6,
DM,0.25,2.96,2.166666667,2.72,0.19,13.7,
DM,0.507936508,9.4,1.75,6.67,4.87,55.4,
DM,0.222222222,4.18,2,3.85,6.11,26.81,
DM,0.230769231,3.5,2.222222222,3.08,0.15,10.98,
DM,0.281818182,12.92,2.258064516,8.22,6.93,76.47,
DM,0.305555556,4.47,2.272727273,3.1,2.51,28.74,
DM,0.411764706,2.72,3,1.82,,18.47,
DM,0.484375,13.86,3.225806452,8.68,,101.24,
DM,0.272727273,10.53,3.238095238,7.6,5.8,68.63,
DM,0.21875,6.3,2.785714286,4.66,3.41,41.9,
DM,0.282608696,6.49,2.846153846,4.53,3.4,44.02,
DM,0.188679245,4.76,2.5,3.81,2.86,35.01,
DM,0.152173913,6.22,2.571428571,5.09,3.06,33.4,
DM,0.268292683,4.4,2.363636364,3.55,2.98,23.88,
DM,0.156626506,4.6,2.384615385,4.29,3.82,23.73,
DM,0.205,1.76,2.317073171,2.73,0.7,9.16,
DM,,2.07,,,0.583,,
DM,,2.29,,,1.01,,
DM,,,,,1.85,,
DM,,,,,1.34,,
DM,,1.47,,,0.428,,
DM,,,,,1.55,,
DM,,,,1.6,0.26,2.6,
DM,,,,2.4,2.63,9.17,
DM,,,,3.9,2.09,14,
DM,,,,3.86,1.48,14.3,
DM,,,,3.15,1.63,13.6,
DM,,,,2.83,1.32,9.1,
DM,,,,1.78,0.72,5.89,
DM,,1.28,,2.11,0.58,,
DM,,,,2.73,0.78,8.59,
DM,,1.42,,2.19,0.67,,
DM,,,,2.92,1.24,17.3,
DM,,1.42,,1.89,0.65,,
DM,1,1.64,1.8,3.01,1.65,6.11,
DM,,2.12,,2.47,0.89,,
DM,2.5,1.87,2.2,3.36,0.72,5.62,
DM,,,,2.26,0.77,6.79,
DM,,1.6,,2.31,0.75,,
DM,0.526315789,3.63,0.866666667,4.68,4.4,10.45,
DM,0.928571429,4.26,1.769230769,3.96,3.17,20.12,
DM,0.178571429,1.5,2,2.62,1.49,6.81,
DM,0.166666667,1.7,1.285714286,2.1,3.2,5,
DM,,1.02,,1.5,0.36,6.14,
DM,,,,4,,30,
DM,0.18,2.02,1.555555556,3.45,0.88,8.02,
DM,0.153846154,1.61,2.166666667,2.71,0.61,6.24,
DM,0.222222222,1.58,1.5,2.59,0.65,6.54,
DM,0.473684211,3.17,1.666666667,3.44,1.75,9.44,
DM,0.647058824,2.54,1.363636364,3.25,1.46,9.05,
DM,0.425531915,3.3,1,4.45,1.64,10.55,
DM,0.144927536,5.05,1.7,4.02,4.44,39.08,
DM,,,,3.4,,20,
DM,,4.92,,3.57,3.31,,
DM,0.16,6.14,3.5,6.47,2.73,26.41,
DM,0.1,3.24,3,4.88,1.64,16.91,
DM,0.138888889,3.31,2.1,5.34,1.69,17.62,
DM,0.155555556,2.12,2.428571429,3.3,1.18,10.88,
DM,0.115384615,2.01,3,3.5,0.96,11.03,
DM,0.2,2.21,2.5,3.04,1.05,10.69,
DM,0.145833333,2.1,2.142857143,3.32,1.07,11.22,
DM,,,,1.99,1.13,13.3,
DM,,5.28,,3.84,2.85,,
DM,0.1484375,4.75,2.905263158,3.59,2.42,30.8,
DM,,,,4.52,3.67,46,
DM,0.225806452,4.26,1.857142857,6.49,1.53,16.67,
DM,1.5,4.43,1.933333333,5.82,2.35,18.69,
DM,0.117647059,3.98,2.9,6.39,1.63,16.41,
DM,0.160493827,4.04,2.307692308,6.42,1.52,16.15,
DM,2.5,4.53,2.2,6.03,2.57,24.49,
DM,0.8125,4.53,2.153846154,5.89,2.77,17.98,
DM,0.181818182,4.44,2.666666667,5.95,2.55,48.67,
DM,,60.3,,43.1,39.39,,
DM,0.146666667,3.33,2,5.86,1.56,14.1,
DM,0.133333333,3.52,2.6,6.02,1.49,14.38,
DM,0.106666667,3.47,3,6.02,1.54,14.07,
DM,0.1,3.04,3.714285714,5.45,1.39,12.92,
DM,,4.62,,3.72,2.42,,
DM,,4.5,,3.61,3.14,,
DM,0.238095238,2.89,1.8,3.75,1.39,15.06,
DM,,7.57,,5.28,3.93,,
DM,0.172413793,3.01,1.6,4.3,1.42,15.51,
DM,0.564516129,11.43,3.123809524,6.43,5.36,64.17,
DM,,,3.025157233,,,,
DM,,10,3,5,2,,
DM,0.482142857,7.81,2.87037037,4.31,3.54,50.73,
DM,,6.7,3.044025157,6.1,2.5,36,
DM,,,1.905405405,1.41,,,
DM,,4.85,,3.64,2.53,,
DM,0.162679426,0.962,0.735294118,0.96,0.114,8.77,
DM,0.069444444,1.02,1.7,0.95,0.214,8.71,
DM,,,,5.2,1.72,16,
DM,0.271428571,1.798,1.438596491,1.12,0.845,12.97,
DM,0.483739837,3.379,1.319327731,2.07,0.641,10.39,
DM,0.262650602,8.41,3.201834862,5.29,2.492,40.02,
DM,0.302197802,6.58,2.6,3.96,2.156,30.79,
DM,0.258064516,10.02,3.176470588,6.24,3.205,50.3,
DM,0.220164609,8.91,3.196261682,4.36,2.782,40.45,
DM,0.220216606,9,3.319672131,5.84,2.792,41.73,
DM,0.236625514,7.97,2.956521739,4.66,2.626,39.03,
DM,,,,0.8,,,
DM,0.132743363,,2.733333333,,0.43,,
DM,0.047058824,1.004,3.3,0.62,0.44,9.7,
DM,0.109625668,0.97,2.048780488,1.11,0.39,10.2,
DM,0.156334232,1.467,1.827586207,1.21,1.17,14,
DM,0.082568807,0.302,1.888888889,0.44,0.13,1.71,
DM,0.126436782,0.299,1.181818182,0.39,0.1,2.07,
DM,0.094117647,0.282,1.25,0.18,0.02,1.81,
DM,0.161725067,0.807,0.7,0.7,0.5,9.57,
DM,0.271863118,3.278,1.692307692,2.76,1.88,32.5,
DM,0.030769231,1.4,0.833333333,2.9,0.3,3.7,
DM,0.142361111,2.374,3.341463415,2.5,0.9,14.62,
DM,0.111111111,1.6,2.125,3.4,0.8,6.1,
DM,0.162790698,2.3,5,6.4,1.2,18.9,
DM,0.09127789,1.636,3.088888889,1.94,2.69,15.4,
DM,0.128571429,1.9,3.555555556,5.3,1.4,10.7,
DM,0.181818182,3.7,2.6,4.7,2.2,17.4,
DM,0.209876543,8.9,3.352941176,8.2,5.1,49.2,
DM,0.018867925,0.83,7.833333333,1.34,0.26,0.85,
DM,0.222222222,10.1,3.722222222,8.2,5.7,55.9,
DM,0.204081633,4.9,3.1,5.2,3.5,24.8,
DM,0.090909091,1.2,1.4,2.9,0.2,4.4,
DM,0.294117647,4.5,3.2,5.5,3.3,21.1,
DM,0.170731707,3.1,2.714285714,3.9,1.2,12.2,
DM,0.323809524,18.3,3.764705882,14.1,10.6,108.5,
DM,0.456521739,9.6,3.380952381,8.3,6.6,57.3,
DM,0.128205128,2.3,2.6,3.2,1.4,9.3,
DM,0.1,2,3,3.1,1.1,8.7,
DM,0.727272727,2.83,16.9875,0.05,1.29,14.98,
DM,0.5625,3.09,1.655555556,0.05,0.5,18.6,
DM,0.014778325,0.916,3.833333333,1.84,0.17,6.34,
DM,0.34375,4,2.636363636,4.6,2.5,16,
DM,0.104166667,2.1,2.8,3.7,1.3,6,
DM,0.429530201,,3.4296875,38.6,32.8,447,
DM,0.107843137,5.53,3.727272727,6.18,7.57,94.66,
DM,0.166666667,3.15,2.090909091,4.64,3.59,49.3,
DM,0.103448276,4.99,3.083333333,5.64,6.37,82.09,
DM,0.19047619,2.68,2.333333333,4.64,2.61,32.73,
DM,0.2,2.93,1.529411765,4.87,2.06,30.26,
DM,0.114583333,2.69,2.727272727,4.57,2.19,33.13,
DM,0.107142857,2.26,3.5,4.23,2.88,18.86,
DM,0.776315789,5.22,0.762711864,6.99,6.96,60.8,
DM,0.246376812,2.72,1.470588235,4.92,2.34,31.99,
DM,0.285714286,0.79,0.571428571,2.59,1.53,6.99,
DM,0.149253731,3.45,2.6,4.97,4.22,48.04,
DM,0.161290323,1.01,1,2.29,7.69,39.64,
DM,0.111111111,2,2.857142857,4.55,2.3,23,
DM,0.078431373,1.15,2,2.34,17.09,31.55,
DM,0.155172414,3.72,3.111111111,4.89,3.46,44.09,
DM,0.240384615,13.54,4.28,10.53,11.16,138.8,
DM,0.281690141,8,2.75,7.35,7.02,88.51,
DM,0.32,16.38,4.6875,12.47,16.93,254.69,
DM,0.407407407,18.45,2.613636364,12.38,8.64,123.68,
DM,0.166666667,3.25,1.666666667,4.83,1.74,8.37,
DM,0.536134454,13.8,1.02507837,13.4,40.4,140,
DM,0.636363636,0.847,0.397515528,2.11,25,25.7,
DM,0.0875,1.46,3.380952381,2.25,0.53,7.3,
DM,0.929595828,9.1,0.849929874,17.4,57.7,65.2,
DM,0.257142857,4.4,3.111111111,3.31,9.19,22,
DM,0.344086022,14.5,3.59375,10.3,9,84.9,
DM,,,,,2.26,,
DM,0.046296296,1.84,3,2.54,1.59,14.24,
DM,0.088495575,0.88,0.7,1.68,2.6,5.21,
DM,0.046296296,1.37,2.2,2.23,0.64,4.84,
DM,0.036036036,1.45,2.75,2.21,1.62,12.15,
DM,0.077669903,1.18,1.125,2.08,1.96,7.48,
DM,0.025,1.13,2.25,2.1,0.68,7.34,
DM,0.036697248,1.54,3,2.25,1.1,14.43,
DM,0.063492063,1.58,1.625,2.34,4.48,16.89,
DM,0.038834951,1.34,2.5,1.93,3.38,10.66,
DM,0.044642857,1.02,1.6,1.59,2.38,9.06,
DM,,,,3.45,,,
DM,0.094170404,1.04,2.357142857,2.16,0.789,5.67,
DM,0.096982759,1.01,2.266666667,2.08,0.792,5.93,
DM,0.09352518,1.01,2.487179487,2.11,0.826,5.7,
DM,,3.79,,6.5,1.81,23.8,
DM,,4.08,,5.95,1.81,24.5,
DM,0.203125,2.8,1.384615385,3.63,3,16.3,
DM,0.206896552,1.52,2,2.21,1.1,8,
DM,0.3,3.09,1.111111111,4.85,4.9,16.1,
DM,0.238095238,1.11,1.6,1.71,1,6.3,
DM,0.230769231,1.39,1.666666667,1.92,0.8,9,
DM,,3.9,,6.24,1.82,20,
DM,0.02115573,2.33,0.148148148,2.86,0.4,13.8,
DM,0.038961039,0.84,2,1.56,11.4,99.6,
DM,0.086419753,3.06,2.571428571,3.68,1.6,15.8,
DM,0.089285714,0.96,1,1.42,1.5,24.7,
DM,1.47706422,3.76,3.236024845,5.01,4.6,63.8,
DM,1.804878049,2.13,0.162162162,3.08,2.6,18.2,
DM,0.102564103,2.22,3,2.6,2.1,12.6,
DM,0.103448276,2.87,2.5,3.33,1.4,13.4,
DM,0.060606061,0.92,3.5,1.72,0.43,5.17,
DM,0.084337349,2.58,2.571428571,4.82,1.03,11.33,
DM,0.085365854,2.6,2.571428571,4.91,1.04,11.33,
DM,0.082352941,2.68,2.571428571,5.05,1.06,11.63,
DM,0.085365854,2.6,2.714285714,4.9,1.04,11.37,
DM,0.084337349,2.58,2.571428571,4.92,1.02,11.37,
DM,0.114285714,1.58,2.5,2.22,0.84,7.88,
DM,,0.87,,1.82,0.62,4.5,
DM,,3.5,,5.1,2.5,23.19,
DM,,2.5,0.85,3.5,1.1,8.9,
DM,,2.9,,4.79,1.84,20.5,
DM,0.105263158,3.21,2.875,4.72,1.84,20.1,
DM,0.11627907,3.99,2.8,5.55,2.39,23.07,
DM,0.111111111,3.21,2.875,4.76,1.63,17.5,
DM,,3.26,,5.1,2.34,23.5,
DM,0.119402985,3.22,3.125,4.33,2.53,21.5,
DM,0.138461538,3.45,2.888888889,4.38,2.44,21.4,
DM,0.130434783,3.47,2.777777778,4.34,2.32,21.7,
DM,,5.57,,7.75,3.56,36.18,
DM,0.140186916,6,3.066666667,7.18,4.03,37.8,
DM,,2.64,,5.2,1.53,18.22,
DM,,4.65,,6.61,3.02,29.43,
DM,0.087719298,4.38,3.4,5.94,2.52,27.69,
DM,,,,4.7,2.1,,
DM,0.087878788,0.9,3.655172414,2.51,3.54,22.4,
DM,0.166666667,0.59,1.25,1.19,0.3,3,
DM,,,,3.76,1.32,,
DM,,,,2.36,1,,
DM,,,,2.52,1.16,,
DM,,,,0.753,0.11,1.9,
DM,,,,3.17,0.5,,
DM,,,,2.26,1.34,,
DM,,,,2.46,2.03,,
DM,,,,3.03,1.55,,
DM,0.569620253,9.3,3.288888889,10.4,20,80,
DM,0.068062827,0.489,3.576923077,0.849,1.54,33,
DM,0.115384615,0.697,1.266666667,1.65,5.98,5.64,
DM,0.444444444,,2,,14.9,,
DM,0.053664303,7.17,2.704845815,,10.3,92.4,
DM,0.777777778,,1,,,,
DM,,,,,,13.8,IndianMOR
DM,,1.2,,2.42,19.6,34,IndianMOR
DM,,1.2,,2.48,13.8,30,IndianMOR
DM,,0.8,,1.48,11.6,58,IndianMOR
DM,0.107142857,3.25,2.222222222,4.95,1.92,13.3,IndianMOR
DM,0.21875,0.98,0.857142857,2.03,2.6,4.7,IndianMOR
DM,0.115384615,2.92,2.111111111,4.85,2.04,11.2,IndianMOR
DM,0.15,3.01,2,4.6,1.42,11.2,IndianMOR
DM,0.121495327,4.22,2.076923077,6.44,6.85,23.6,IndianMOR
DM,0.088888889,2.95,2.25,4.82,3.4,7.3,IndianMOR
DM,0.057971014,1.8,2.75,3.18,3.91,5.6,IndianMOR
DM,0.140625,1.43,0.888888889,2.59,3.23,4.4,IndianMOR
DM,0.176470588,2.06,1.333333333,3.93,2.56,10.9,IndianMOR
DM,0.12244898,1.91,1.833333333,3.2,8.52,15.7,IndianMOR
DM,0.140350877,1.88,1.375,3.25,1.7,8.3,IndianMOR
DM,0.125,1.45,2.75,2.42,1.12,7,IndianMOR
DM,0.117647059,1.48,1.5,2.43,3.39,3.8,IndianMOR
DM,0.068965517,1.69,2.5,2.8,2.05,6.5,IndianMOR
DM,0.134897361,,2,,1.33,,IndianMOR
DM,0.181538462,,1.508474576,,3.2,,IndianMOR
DM,1.46978022,,0.203738318,,3.44,,IndianMOR
DM,0.677506775,,0.36,,3.97,,IndianMOR
DM,0.087912088,2.49,2,3.76,3.62,9.9,IndianMOR
DM,0.043478261,3.67,2.555555556,5.38,3.81,9.6,IndianMOR
DM,0.142857143,2.39,1.5,4.6,5.02,10.2,IndianMOR
DM,0.333333333,1.96,0.875,3.8,7.42,5.6,IndianMOR
DM,0.109090909,2.1,2,3.86,4.11,16.2,IndianMOR
DM,0.109090909,2.12,2.166666667,3.93,1.84,11.8,IndianMOR
DM,0.075757576,2.08,2.4,3.95,2.3,12.1,IndianMOR
DM,0.113207547,2.18,2.166666667,3.39,1.92,12.6,IndianMOR
DM,0.132075472,2.32,1.857142857,4.2,4.51,11.7,IndianMOR
DM,0.117647059,2.22,2,4.27,1.15,8.7,IndianMOR
DM,0.111111111,2.27,1.857142857,4.59,3.18,8.6,IndianMOR
DM,0.173913043,1.2,0.75,2.46,2.13,10.9,IndianMOR
DM,0.086206897,1.72,2.2,3.43,2.22,14.4,IndianMOR
DM,0.12,2.89,2.111111111,5.4,2.88,17.9,IndianMOR
DM,0.530120482,2.23,0.295454545,4.3,5.6,11.5,IndianMOR
DM,0.12,2.05,2,4.27,6.07,8.7,IndianMOR
DM,0.114754098,2.55,2.142857143,4.48,5.81,6.7,IndianMOR
DM,0.076923077,1.81,2.5,3.58,0.84,6.8,IndianMOR
DM,0.12244898,2.25,2,4.47,6.52,8.1,IndianMOR
DM,0.172413793,2.21,1.3,4.28,2.27,15.1,IndianMOR
DM,0.234042553,2.26,1.090909091,4.39,4.3,9.8,IndianMOR
DM,0.06,0.87,1.666666667,2.01,4.53,2.9,IndianMOR
DM,0.193675889,,0.93877551,,4.04,,IndianMOR
DM,0.07106599,,2,,0.4,,IndianMOR
DM,0.071428571,0.32,2,1.09,0.37,0.4,IndianMOR
DM,0.423280423,,0.475,,3.45,,IndianMOR
DM,0.061764706,0.7,4.333333333,1.13,0.611,8.81,
DM,0.196987952,1.78,2.810397554,6.28,11.8,100,
DM,0.223952096,3.6,2.834224599,8.25,13,113,
DM,0.231578947,4,2.75974026,6.63,10.2,90,
DM,0.196456693,1.51,2.625250501,9.38,16.8,143,
DM,,6,3,5,2.2,26.5,Macquarie
DM,0.320634921,9.715,3.485148515,6.86,2.31,41.6,Macquarie
DM,0.04845815,0.618,2.909090909,0.746,1.96,1.29,Shatsky
DM,0.064864865,0.729,3,0.878,1.24,2.04,Shatsky
DM,0.130952381,0.669,3,0.803,3.33,16.2,Shatsky
DM,0.110132159,0.663,1.4,0.791,3.24,1.77,Shatsky
DM,0.572769953,5.2,1.385245902,4.11,2.68,21,Macquarie
DM,,4.6,1,4,4.5,24.3,Macquarie
DM,,1.3,,1.5,4.6,11.7,Macquarie
DM,0.105308964,6.58,3.123966942,5.77,3.52,31.8,Shatsky
DM,0.110778443,5.52,3.18018018,5.12,2.15,19.2,Shatsky
DM,0.127098321,7.33,3.213836478,6.92,3.92,36.3,Shatsky
DM,0.057610994,5.2,3.211009174,5.03,2.2,24.2,Shatsky
DM,0.218687873,5.16,3.018181818,5.17,2.15,18.7,Shatsky
DM,0.081100652,5.12,3.125,5.12,0.57,11.6,Shatsky
DM,0.190140845,6.29,3.266666667,6.21,1.62,29.6,Shatsky
DM,0.225933202,5.41,3.139130435,5.19,0.51,12.3,Shatsky
DM,0.100093545,5.24,3.373831776,4.87,0.26,15.5,Shatsky
DM,0.252931323,6.6,2.940397351,6.64,0.31,16.5,Shatsky
DM,0.12562396,6.86,3.152317881,6.36,2.48,25.1,Shatsky
DM,0.159916926,5.91,2.584415584,5.17,0.77,16.2,Shatsky
DM,0.275665399,5.61,2.627586207,5.47,1.83,16.3,Shatsky
DM,0.120575885,6.68,2.104477612,6.45,2.01,33.6,Shatsky
DM,0.190193165,6.14,3.0234375,6.22,3.88,25.4,Shatsky
DM,0.315445026,7.13,2.029045643,6.8,0.55,27.2,Shatsky
DM,0.272442589,7.18,1.850574713,6.18,0.99,33.5,Shatsky
DM,0.349442379,6.75,2.430851064,7.07,3.18,19.8,Shatsky
DM,0.248484848,7.55,3.085365854,6.75,0.91,20.8,Shatsky
DM,0.424347826,7.98,2.278688525,6.72,1.83,37.4,Shatsky
DM,0.27689243,5.12,2.374100719,5.16,1.81,17.4,Shatsky
DM,0.373970346,6.68,2.017621145,7,0.37,13.4,Shatsky
DM,0.13961039,4.1,2.941860465,4.05,0.764,13.4,Shatsky
DM,0.285714286,8.6,4.5,7.2,4.3,40.2,Macquarie
DM,0.193220339,5.69,3.140350877,5.74,1.04,28.4,Shatsky
DM,1.312,9.66,0.43902439,9.16,11.7,65.5,
DM,1.080536913,10.1,0.801242236,9.25,11.6,114,
DM,0.187136929,4.34,2.849223947,4.04,1.51,25.4,
DM,0.233856894,6.53,2.955223881,5.63,0.386,32.6,
DM,0.222222222,6.26,2.940298507,5.25,1.31,29.9,
DM,0.427522936,7.89,2.081545064,6.45,23.2,48.4,
DM,0.385507246,8.15,1.864661654,6.67,1.22,37.9,
DM,0.183046683,8.6,3.637583893,6.8,0.731,30.1,
DM,0.37254902,17.3,2.605263158,14.4,0.343,52.2,
DM,0.610576923,17.8,1.68503937,14.9,0.893,61.3,
DM,0.92206235,8.69,0.728218466,7.41,9.21,41,
DM,0.481914894,15,1.971302428,13.4,23,57.6,
DM,0.160194175,23,2.206060606,2.32,1.22,16,
DM,0.356190476,2.03,2.438502674,2.08,1.1,14,
DM,0.145,9.12,2.340996169,8.13,6.17,59.5,
DM,0.152307692,8.63,2.727272727,7.74,18.4,56.4,
DM,0.739795918,9.41,0.399310345,8.23,3.65,60.4,
DM,0.18599791,10.1,3.926966292,8.75,3.62,65.3,
DM,0.621676892,9.96,1.120065789,9.36,13.1,97.9,
DM,0.323891626,8.91,2.300380228,7.84,73.6,85.2,
DM,1.586288416,9.12,0.912071535,8.22,54.2,78.2,
DM,0.485416667,8.55,2.519313305,7.55,3.51,59.3,
DM,0.178974359,13.8,1.371060172,11.6,2.03,79.8,
DM,0.320843091,12.7,2.153284672,10.2,1.93,66.5,
DM,0.174342105,15.4,1.230188679,12.2,2,61.6,
DM,0.332758621,14.6,2.124352332,11.6,4.8,90.3,
DM,0.34,29.7,1.761437908,21.4,16,237,
DM,0.25106383,36.4,2.288135593,23.8,15,327,
DM,0.30982906,17.3,2.282758621,13,3.69,119,
DM,0.110497238,1.39,0.45,6.48,6.6,9,
DM,0.416666667,,1.342857143,,,,
DM,0.29787234,4.5,2.5,4.9,9.69,116,
DM,0.353225806,,3.242009132,,,,
DM,0.278823529,,3.080168776,,,,
EM1,0.19047619,28,8.25,23.3,26,342,EastAsia
EM1,0.277777778,18,4.6,15.6,17,228,EastAsia
EM1,0.172413793,31,7.8,26.7,28,407,EastAsia
EM1,0.230769231,32,6.833333333,28.5,30,381,EastAsia
EM1,0.318181818,28,5.285714286,25.5,29,374,EastAsia
EM1,0.294117647,17,4.8,15.6,17,233,EastAsia
EM1,0.277777778,18,4.6,16,18,229,EastAsia
EM1,0.277777778,18,4.6,15.9,17,225,EastAsia
EM1,0.346153846,34,4.555555556,29,26,390,EastAsia
EM1,0.319480519,27.7,4.869918699,34.6,30.2,464,EastAsia
EM1,0.179669031,18.7,4.631578947,22.2,24.1,300,EastAsia
EM1,0.23880597,48.5,5.0625,46.5,49.7,618,EastAsia
EM1,0.140893471,7.73,5.341463415,12.2,16.6,145,EastAsia
EM1,0.103950104,33,2.96,40.05,9,469,Idaho
EM1,0.093233083,40,3.161290323,49.43,10,511,Idaho
EM1,,29,,,9,432,Idaho
EM1,,37,,,11,494,Idaho
EM1,0.102678571,28,3.130434783,33.72,8,421,Idaho
EM1,0.078804348,25,2.931034483,27.68,5,446,Idaho
EM1,,22,,,5,371,Idaho
EM1,0.182795699,22,4.470588235,18.1,21,414,Idaho
EM1,0.101234568,22,3.219512195,27.86,9,418,Idaho
EM1,0.111814346,22,3.41509434,28.47,14,472,Idaho
EM1,0.115131579,17,3.2,17.79,9,294,Idaho
EM1,0.22,37,3.109090909,21.62,41,636,Idaho
EM1,0.100917431,29,5.636363636,20.53,19,385,Idaho
EM1,0.121693122,55,3.550724638,50.82,32,801,Idaho
EM1,0.161410019,61,3.252873563,60.62,29,720,Idaho
EM1,0.141414141,57,3.226190476,54.19,29,861,Idaho
EM1,0.143369176,61,3.375,59.44,29,706,Idaho
EM1,0.45229682,85,3.2109375,77.62,51,1095,Idaho
EM1,0.391666667,47,3.170212766,27.52,45,622,Idaho
EM1,0.146596859,17,3.464285714,15.19,20,376,Idaho
EM1,,47,,,32,727,Idaho
EM1,0.207317073,59,2.794117647,48.97,26,845,Idaho
EM1,0.385786802,43,3.394736842,25.99,34,503,Idaho
EM1,0.224264706,40,2.93442623,22.7,30,498,Idaho
EM1,0.167464115,22,2.857142857,18.22,17,330,Idaho
EM1,0.157509158,31,3.348837209,27.12,17,464,Idaho
EM1,0.14213198,28,6.678571429,19.23,28,440,Idaho
EM1,0.287581699,33,1.545454545,26.98,13,454,Idaho
EM1,0.139534884,14,3.166666667,8.82,5,181,Idaho
EM1,0.157676349,22,3.342105263,19.5,17,393,Idaho
EM1,0.325581395,5.45,3.428571429,4.32,4.42,48.6,Indian2
EM1,0.165068493,7.02,3.734439834,11.4,21.7,89.9,Indian2
EM1,0.212168487,65.5,8.529411765,87.7,54.9,1842,Indian2
EM1,0.174324324,28.2,4.170542636,30.4,58.1,383,Indian2
EM1,0.167256637,8.79,2.883597884,17.1,44.4,123,Indian2
EM1,0.330618893,6.52,2.615763547,6.95,36.9,38.8,Indian2
EM1,0.103344482,6.48,2.996763754,17.2,44,95,Indian2
EM1,0.245227606,5.47,2.71257485,6.25,21.7,35.4,Indian2
EM1,0.249350649,6.79,3.234375,7.49,59.8,41.1,Indian2
EM1,0.267029973,6.92,3.239795918,7.67,44.8,48.9,Indian2
EM1,0.265765766,8.19,2.281355932,8.34,7.56,70.5,Indian2
EM1,0.231891892,15.5,3.03030303,15.3,35.4,141,Indian2
EM1,0.083490566,4.33,2.480225989,7.69,35.4,72.8,Indian2
EM1,0.149668874,8.05,2.17699115,35,48,97.2,Indian2
EM1,0.162546816,12.8,2.511520737,18,16.1,109,Indian2
EM1,0.337894737,13.5,1.91588785,14.9,64.8,859,Indian2
EM1,0.489447236,17.7,1.488706366,18,110,179,Indian2
EM1,0.112207792,13.5,2.615740741,15.7,26.4,128,Indian2
EM1,0.066946779,5.27,2.251046025,8.63,40.1,67.5,Indian2
EM1,,,,,3.15,,Indian2
EM1,,,,3.12,1.65,,Indian2
EM1,,,,2.33,1.13,,Indian2
EM1,0.181818182,4.71,3,4.7,3.7,36.37,Indian2
EM1,0.176470588,5.13,3.25,4.69,4.5,44.2,Indian2
EM1,0.005263158,0.23,2,0.39,0.23,2.1,Indian2
EM1,0.073770492,3.09,3.111111111,2.61,2.46,33.39,Indian2
EM1,0.12721519,7.95,3.910447761,6.63,5.34,60.2,Indian2
EM1,0.215968586,7.36,4.242424242,6.08,5.34,54.5,Indian2
EM1,0.338565022,17.9,3.57615894,15.7,20.5,200,
EM1,,9,,14.7,7.08,296,
EM1,,8.3,,14.6,13.1,303,
EM1,,8.5,,15.6,10.6,182,
EM1,,11.3,,22.5,21.2,309,
EM1,,8.4,,16,20.6,320,
EM1,,11.1,,19.6,33.7,213,
EM1,,,,,46.7,,
EM1,,8.9,,17.1,37.4,336,
EM1,,,,,15.6,,
EM1,,,,,19.3,,
EM1,,12.7,,18.2,0.48,167,
EM1,,7.8,,11.3,3.44,156,
EM1,,9.1,,10.2,0.82,81,
EM1,,10.4,,10.2,2.96,60,
EM1,,,,,0.64,,
EM1,,10.3,,11.5,21.83,324,
EM1,0.056338028,6.1,11.625,7.51,4.1,72.3,
EM1,0.062817011,,4.751552795,,1.78,,
EM1,0.984126984,37.3,5.225806452,48.1,60.1,524,
EM1,0.115702479,12.7,8.571428571,11.2,1.3,104,
EM1,0.096296296,,5.136639676,,15.2,,
EM1,0.16875,22.7,4.425925926,23.2,3.1,125,
EM1,0.090909091,26.8,3.59375,21.3,14,260,
EM1,0.176706827,30.5,3.636363636,23.5,13,233,
EM1,0.08365019,31.8,5.5,26.4,10.8,266,
EM1,0.202209509,,1.902439024,,1.97,,
EM1,0.138345865,,4.273097826,,7.52,,
EM1,0.112107623,25.6,5.08,20.2,7.4,292,
EM1,0.423076923,7.2,3.333333333,11.1,20.9,133,
EM1,,,,6.31,,,
EM1,0.330166271,58.3,4.057553957,46.1,41.5,564,SWPacific
EM1,0.31938326,53,5.820689655,51,24.63,700,SWPacific
EM1,,,,,58,596,SWPacific
EM1,0.296028881,36.1,4.841463415,33.6,29.1,377,SWPacific
EM1,0.150485437,4.04,3.725806452,5.14,2.3,29.2,SWPacific
EM1,0.36407767,4.38,1.376,7.56,3.76,34.4,SWPacific
EM1,0.309927361,4.15,1.890625,5.91,7.88,17.2,SWPacific
EM1,0.135048232,42.3,10.16666667,33.8,75.2,630,WestPac
EM1,0.121863799,48.8,13.61764706,29.7,29.2,594,WestPac
EM1,0.11738149,24.7,6.576923077,21,10.3,273,WestPac
EM1,0.104208417,25.4,12.13461538,45.6,21.5,502,WestPac
EM1,0.126550868,16.5,4.490196078,15,18.4,220,WestPac
EM1,0.115,22.6,7.956521739,18.3,15,386,WestPac
EM1,0.083129584,26.1,8.455882353,36.7,23.7,416,WestPac
EM1,0.133009709,44.3,5.109489051,57,47.3,823,WestPac
EM1,0.202492212,21.5,4.184615385,20.4,18.7,367,WestPac
EM1,0.113861386,34.9,5.860869565,97.8,48.2,746,WestPac
EM1,0.05840708,24.1,7.818181818,25.5,12.1,341,WestPac
EM1,0.113157895,27.7,9.581395349,30.7,18.7,398,WestPac
EM1,0.266375546,24.7,2.737704918,25.3,14.7,214,WestPac
EM1,0.323420074,59.7,3.011494253,52.5,78.3,795,WestPac
EM1,0.286343612,40.9,4.538461538,16.8,13.6,622,WestPac
EM1,0.256351039,15.5,2.72972973,23.7,40,244,WestPac
EM1,0.217158177,16.8,5,20.2,15.7,251,WestPac
EM1,0.365122616,46.5,3.798507463,38.6,17.1,745,WestPac
EM1,0.304225352,45,4.62037037,34.8,22,706,WestPac
EM1,0.095689655,38.4,2.531531532,45.1,50.8,465,WestPac
EM1,0.162790698,,2.5,,13.8,,WestPac
EM1,0.308908046,6.355,2.641860465,5.73,5.14,67.38,
EM1,0.189855072,6.048,4.175572519,6.49,4.41,55.6,
EM1,0.201234568,5.972,3.116564417,6.96,4.85,45.4,
EM1,0.296688742,12.78,4.075892857,8.35,7.58,93.7,
EM1,0.065688073,26.2,2.48603352,,85.6,1150,
EM1,0.096312364,7.21,6.846846847,,71.8,292,
EM1,0.053521127,3.42,5.043859649,,1.95,89.5,
EM1,0.065923077,21.3,6.301050175,,50.2,536,
EM1,0.331868132,1.79,1.483443709,,12.1,41.2,
EM1,0.096778711,15.5,8.610709117,,71.1,427,
EM1,,9.3,1.272727273,7.92,1.2,49,
EM1,,4.47,,3.96,2.2,36.8,
EM1,,5.2,,3.74,0.54,9,
EM1,,13.5,,9.46,10,69,
EM1,0.169811321,8.08,8.111111111,6.88,1.1,33.5,
EM1,0.380952381,3.1,2.875,2.78,1.4,17.2,
EM1,0.538461538,2.7,2.428571429,2.63,0.44,9.9,
EM1,0.297297297,4.6,3,3.84,0.13,7.2,
EM1,0.4,5.8,1.583333333,4.65,0.2,8,
EM1,0.366666667,42,2.454545455,3.82,0.78,5.5,
EM1,0.571428571,5.4,1.833333333,4.11,0.11,19.3,
EM1,0.173333333,3.6,2.153846154,3.7,0.73,17.5,
EM1,0.392156863,5.6,1.65,4.33,0.35,13,
EM1,0.142857143,5.4,3.375,5.67,0.74,12.5,
EM1,0.4375,3.4,1.642857143,2.75,0.91,18.8,
EM1,0.215189873,9,4,7.43,1.9,43,
EM1,0.2,13.6,21.25,10.8,19,58,
EM1,0.169491525,11.7,11.4,9.56,6.5,70,
EM1,0.2,5.2,10.75,4.71,0.61,4.4,
EM1,0.475,12.6,2.657894737,9.78,2.9,56,
EM1,0.178571429,12.6,13.3,8.96,15,46,
EM1,0.279069767,9.3,2.75,7.42,16,31,
EM1,0.323529412,3.7,2.181818182,3.08,22.1,23,
EM1,0.243243243,9.7,7.777777778,8.2,1.1,44,
EM1,0.219512195,9.4,7.888888889,7.72,33,33,
EM1,0.285714286,3.36,8.25,3.4,1.4,27,
EM1,0.394736842,2.6,2.866666667,3.27,17.7,17,
EM1,0.301886792,3.2,1.75,3.67,34.7,26,
EM1,0.23655914,12,3.409090909,8.99,13,47,
EM1,0.387755102,4.5,1.842105263,4.41,19.1,27,
EM1,0.351351351,3.5,1.846153846,3.1,10.6,14,
EM1,0.392857143,2.4,0.818181818,2.35,17.2,12,
EM1,0.2,5.1,2.272727273,3.44,0.86,17.8,
EM1,0.185185185,38.3,,19.6,8.6,218,
EM1,0.142857143,22.6,44.75,13.5,10.3,138,
EM1,0.3,13.1,4.242424242,12.9,9.3,121,
EM1,0.352112676,14.2,4.84,13,2.6,127,
EM1,0.10298103,11.7,3.657894737,15.1,7.4,125,
EM1,0.301659125,75.1,4.735,67.8,42.5,283,
EM1,0.143478261,,4.818181818,14.08,7.5,101,
EM1,0.143410853,,4.594594595,12.09,3.1,105,
EM1,0.196551724,,5.070175439,28.42,,172,
EM1,0.313131313,26,3.806451613,20.38,32,213,
EM1,0.316831683,26,3.984375,20.99,26,222,
EM1,0.141199226,2.662,3.301369863,3.52,1.85,22.25,
EM1,0.428571429,49,3.833333333,35.1,60,677,
EM1,0.4,28,4,22.1,29,290,
EM1,0.377777778,64,3.882352941,51.7,61,908,
EM1,0.477366255,,2.017241379,,56.1,,
EM1,0.227621483,,3.764044944,,78.6,,
EM1,0.049517241,,34.26183844,,,,
EM1,0.098570354,,17.09923664,,,,
EM1,0.193918919,,3.763066202,,13.5,,
EM1,0.056357143,,25.22179975,,,,
EM1,0.564102564,,1.354545455,,11.5,,
EM1,0.285714286,,6,,13.1,,
EM1,0.18556701,,4.722222222,,37.5,,
EM1,0.195652174,,5,,36.8,,
EM1,0.177083333,,4.529411765,,53,,
EM1,0.186813187,,4.882352941,,48.4,,
EM1,0.180851064,,4.647058824,,49.1,,
EM1,0.193548387,,4.5,,49.9,,
EM1,0.175257732,,4.764705882,,51.7,,
EM1,0.173913043,,6,,19.7,,
EM1,0.417322835,,2.150943396,,29.5,,
EM1,0.220588235,,4.133333333,,76.4,,
EM1,0.258726899,,4.103174603,,47.7,,
EM1,0.220512821,,4.744186047,,58.4,,
EM1,0.167050691,,3.972413793,,85.8,,
EM1,0.068328446,,33.47639485,,,,
EM1,0.276086957,,4.196850394,,32.8,,
EM1,0.172413793,,4.88,,,,
EM1,0.481049563,,2.763636364,,34,,
EM1,0.396449704,,3.208955224,,31.9,,
EM1,0.371191136,,3.201492537,,56.1,,
EM1,0.298106061,,4.485387548,,25.1,,
EM1,0.455384615,,3.513513514,,28,,
EM1,0.454819277,,3.397350993,,35.1,,
EM1,0.0625,,3,,,,
EM1,0.308296943,,3.966005666,,30.3,,
EM1,0.646341463,23.8,1.633423181,32.4,12.26,289,
EM1,0.164573269,22.3,2.181996086,26,21.07,309,
EM1,0.230607966,22.4,2.272727273,25.3,19.5,294,
EM1,0.157286432,10.5,4.536741214,14.7,7.11,132,
EM1,0.356896552,20.3,4.299516908,26.9,13.48,341,
EM1,0.20546875,18.5,4.828897338,22.3,4.31,308,
EM1,0.523887588,30,2.159141708,50,23.45,532,
EM1,0.165313653,38.1,4.787946429,48.6,35.06,945,
EM1,0.118939394,47.3,7.184713376,56,32.95,907,
EM1,0.158866545,37.1,4.833141542,46.3,33,927,
EM1,0.136697248,14.7,5.536912752,20.2,15.05,208,
EM1,0.145355191,14.5,6.203007519,18.4,18.87,243,
EM1,0.313125,11.3,3.313373253,16.6,19.87,116,
EM1,0.19175,28.7,4.041720991,43.8,9.81,129,
EM1,0.170431211,48.2,7.698795181,45.5,38.39,654,
EM1,0.337628866,14.2,2.717557252,27.3,27.32,201,
EM1,0.216425121,18.2,5.200892857,18.3,11.91,268,
EM1,0.152631579,6.9,4.195402299,7,3.45,82,
EM1,0.325203252,28.5,4.4875,30.2,20.86,402,
EM1,0.263636364,15.7,3.931034483,14.5,5.3,208,
EM1,0.233167082,42.5,5.219251337,44.6,33.72,660,
EM1,0.139344262,9.4,4.196078431,8.9,7.27,128,
EM1,0.253529412,19.5,4.709976798,20.4,14.14,189,
EM1,0.214772727,46.6,4.878306878,49.3,42.21,750,
EM1,0.190604027,31.5,4.683098592,29.6,11.48,237,
EM1,0.295154185,75.2,5.574626866,54.3,11.94,506,
EM1,0.628448276,27,4.499314129,27.6,16.98,352,
EM1,0.616153846,29,4.5443196,30.3,21.53,380,
EM1,0.29769821,27.6,2.225085911,26.9,21.28,263,
EM1,0.254945055,34.3,3.728448276,40.9,18.2,189,
EM1,0.326521739,20.5,2.796271638,23.6,36.8,210,
EM1,0.279069767,27.8,4.466666667,21.2,43,382,
EM1,0.343049327,16.9,2.366013072,19,41.2,130,
EM1,0.329355609,43.9,2.862318841,45.9,24,651,
EM1,0.227702703,9.57,2.940652819,11.7,30,218,
EM1,0.157608696,28.2,4.74137931,28.7,4.32,300,
EM1,0.356140351,2.8,1.527093596,3.4,19,42,
EM1,0.356140351,2.8,1.527093596,3.4,19,42,
EM1,0.202205882,8.3,4.218181818,12.6,13.9,116,
EM1,0.356557377,9.9,3.379310345,12,40.7,103,
EM1,0.255625,10.8,3.985330073,12.6,14.1,106,
EM1,0.487826087,7.9,1.907308378,12,7.4,80,
EM1,0.154644809,9.6,4.911660777,14.4,7.8,101,
EM1,0.39245283,14.2,4.070512821,19.1,32.9,330,
EM1,0.096466431,20.7,9.157509158,24.4,16.3,232,
EM1,0.165340909,29.2,5.687285223,27.1,27.7,514,
EM1,0.347783251,10.5,1.983002833,13.8,18.5,136,
EM1,0.157847534,14.4,4.744318182,18.1,19.9,151,
EM1,0.25557656,62.4,4.74112426,72.9,52.5,1422,
EM1,0.214583333,11.1,5.67961165,14.5,9.9,144,
EM1,0.264646465,13.2,3.034351145,18.5,27.1,144,
EM1,0.17188656,52.2,4.720229555,81.7,38.8,736,
EM1,0.315254237,23.4,3.13172043,27.5,31.6,218,
EM1,0.275647668,9.6,2.669172932,13.6,18.6,93,
EM1,0.196491228,20.8,4.321428571,26.4,18.8,306,
EM1,0.146704871,24.1,5.078125,28.2,22.5,335,
EM1,0.222077922,19.4,6.198830409,20.2,17.4,193,
EM1,0.262869198,27.9,4.285714286,29.2,30.9,392,
EM1,0.41598579,60.9,4.931682323,67.9,56.3,735,
EM1,0.405479452,55.4,3.290540541,66.9,48.1,630,
EM1,0.280821918,51.2,4.780487805,42.2,40.8,587,
EM1,0.142202643,46.1,3.073110285,143,38.7,811,
EM1,0.222157434,29.6,4.737532808,37.6,32,350,
EM1,0.282233503,16.6,3.039568345,18.8,36,169,
EM1,0.210447761,31.1,4.680851064,36.2,37.7,1278,
EM1,0.172108467,23.9,5.118971061,14.51,4.77,166.4,
EM1,0.184390244,18.43,4.592592593,12.86,3.51,136.6,
EM1,0.794871795,21.84,0.616935484,13.68,1.96,30.1,
EM1,0.379381443,34.06,1.420289855,22.73,3.55,121.4,
EM1,,,,,12.5,,
EM1,,30,,,7.22,528,
EM1,,21,,,18.3,276,
EM1,,22,,,2.29,343,
EM1,,53,,,38.1,626,
EM1,,28,,,19.9,451,
EM1,,31,,,19.2,358,
EM1,,8.3,,,6.03,110,
EM1,,7,,,1.72,74,
EM1,0.342268041,53,3.680722892,67.5,22.1,709,
EM1,0.25026178,24.8,5.543933054,25.6,35.7,344,
EM1,0.316161616,25.8,4.408945687,26.2,22.9,351,
EM1,0.226331361,31.1,4.352941176,36.5,31.8,1229,
EM1,0.241265823,43.5,4.470094439,42.9,20,623,
EM1,0.479905437,62.4,3.428571429,71.6,29.6,854,
EM1,0.157967667,42.3,7.558479532,39.5,15.8,371,
EM1,0.284369115,62,4.655629139,74.2,41.4,861,
EM1,0.3125,42.5,4.48,65.3,19.5,433,
EM1,0.318367347,17.9,3.397435897,15.5,9.29,146,
EM1,0.266666667,26,4.325,32,4.5,300,
EM1,0.306896552,25,3.752808989,33,3.5,299,
EM1,0.255555556,25,4.289855072,28,4.8,326,
EM1,0.321875,26,3.504854369,31,3.6,276,
EM1,0.446,31,2.381165919,51,14.7,419,
EM1,0.328,25,3.756097561,28,3.9,470,
EM1,0.378947368,25,4.402777778,28,17.8,345,
EM1,0.233333333,2.29,2.285714286,4.48,0.32,4.75,
EM1,0.163101604,24.1,5.213114754,61.4,26,854,
EM1,0.232638889,30.6,2.589552239,57.9,13.2,694,
EM1,0.274074074,32.8,1.966216216,83.5,14,756,
EM1,0.252619325,40.5,2.050691244,57.7,15.4,621,
EM1,0.251559252,31.3,2.652892562,42.2,8.68,321,
EM1,0.384146341,31.8,2.595238095,29.2,5.99,372,
EM1,0.611111111,30.5,1.560606061,28.8,11.9,414,
EM1,0.25,33.7,4.3,38,31.3,658,
EM1,0.225274725,25,4.74796748,29.5,5.4,301,
EM1,0.266181818,24.2,4.00273224,29.8,5.09,215,
EM1,0.255813953,,3.727272727,,,,
EM1,0.075342466,,2.363636364,,,,
EM1,,,,2.3,,15,
EM1,,,,4.6,,44,
EM1,1.161290323,12.3,1.027777778,26.4,45.5,66.3,
EM1,0.220264317,15.7,2.66,49,45.8,83.4,
EM1,0.323529412,,3.181818182,,,,
EM1,0.363636364,,1.833333333,,,,
EM1,0.076099881,32.4,3.5,59.65,21.59,592,
EM1,0.080347448,33.4,3.067567568,28.35,15.24,371,
EM1,0.129882353,17.2,4.329710145,24.7,19.9,361,
EM1,0.129882353,17.2,4.329710145,24.7,19.9,361,
EM1,0.113181818,25.6,5.073627845,39,23,587,
EM1,0.113181818,25.6,5.073627845,39,23,587,
EM1,0.155395683,8.07,3.814814815,15.5,35.2,208,
EM1,0.155395683,8.07,3.814814815,15.5,35.2,208,
EM1,0.085123967,18.7,6.282940361,27.7,44.8,419,
EM1,0.085123967,18.7,6.282940361,27.7,44.8,419,
EM1,0.144599303,5.07,2.891566265,8.03,25.4,117,
EM1,0.144599303,5.07,2.891566265,8.03,25.4,117,
EM1,0.097026022,5.19,5.363984674,9.5,13.8,142,
EM1,0.097026022,5.19,5.363984674,9.5,13.8,142,
EM2,0.304694836,36.1,4.730354391,32.6,10,142,
EM2,0.721088435,20.9,1.867924528,19.5,16.3,150,
EM2,0.637450199,51.8,3.35625,50.7,13.6,365,
EM2,0.304964539,23.2,4.139534884,18.9,8.4,133,
EM2,0.230769231,30.7,6.948717949,26.9,15.6,180,
EM2,0.291959799,42,5.645438898,34.1,25.2,239,
EM2,0.351369863,27,4.385964912,23.9,29.5,146,
EM2,,,,,44,389,
EM2,,,,,56,547,
EM2,0.406666667,22.3,4.051522248,16.3,5.85,150,
EM2,0.278106509,65.1,5.829787234,51.2,17.4,449,
EM2,0.320402299,72.4,5.058295964,77.6,54.2,457,
EM2,0.228070175,37.3,6.615384615,31.4,13.2,540,
EM2,0.18474026,53.2,8.014059754,44.9,26.1,362,
EM2,0.262425447,36.7,2.575757576,58.8,28.1,160,
EM2,1.028846154,47.8,2.228971963,39.6,28.5,168,
EM2,0.392727273,23,2.018518519,67.7,30.1,313,
EM2,0.919047619,39.6,1.67357513,33.1,19.5,269,
EM2,0.479166667,81.4,3.755434783,65.4,33.3,534,
EM2,0.559259259,65.5,3.940397351,49.6,16.1,104,
EM2,0.50617284,65.1,3.170731707,50.6,25.7,416,
EM2,0.61003861,58.2,2.784810127,45.2,35.6,346,
EM2,0.5,65,3.146496815,61,29.3,406,
EM2,0.525193798,98.2,3.357933579,71.3,54.4,707,
EM2,0.37826087,43,3.862068966,34,16.9,217,
EM2,0.259414226,45.6,5.951612903,36.5,22.7,262,
EM2,0.839285714,49.7,2.085106383,38.3,32,253,
EM2,0.605109489,,1.700844391,,,,
EM2,0.410596026,26.2,3.629032258,23.4,40.4,151,
EM2,0.563535912,44,3.274509804,36.9,35.8,304,
EM2,0.510548523,54.3,3.570247934,41.7,43.2,347,
EM2,0.547619048,34.6,3.623188406,25,22.2,165,
EM2,0.585635359,42.4,2.943396226,31.8,34.8,250,
EM2,0.370242215,55.5,4.186915888,43.3,26.2,311,
EM2,0.460580913,39.5,3.108108108,32.4,22.5,231,
EM2,0.375690608,37.5,4.647058824,29.2,15.7,228,
EM2,0.350282486,28.2,4.85483871,23.7,11,146,
EM2,0.436666667,53.7,4.244274809,44.4,23.19,316,
EM2,0.188034188,85.3,9.159090909,86.1,43.02,237,
EM2,0.396428571,47.2,4.675675676,43.7,26.61,433,
EM2,0.41322314,41.3,4.55,38.2,20.53,293,
EM2,0.424603175,45.3,4.205607477,35.9,25.66,256,
EM2,0.392694064,35.7,4.255813953,29.8,28.58,236,
EM2,0.536423841,25.9,2.777777778,21,15.8,140,
EM2,0.611111111,23.8,2.443181818,20.1,14.4,139,
EM2,0.590027701,46.2,2.014084507,41.8,38.9,280,
EM2,0.45,34.6,3.655555556,28.9,12.4,207,
EM2,0.279411765,36.6,4.330827068,39.6,32.2,379,
EM2,0.407176287,,3.421455939,113.1,,,
EM2,0.529411765,,2.222222222,,7.01,,
EM2,0.449275362,,3.193548387,,8.98,,
EM2,0.621468927,,2.236363636,,23.3,,
EM2,0.486486486,,2.333333333,,12.3,,
EM2,0.405797101,,2.928571429,,13.2,,
EM2,0.562363239,123.47,4.622568093,87.48,51.38,629.55,Marquesas
EM2,0.342384173,17.16,3.367334906,13.41,,,
EM2,0.366815072,16.91,3.358496152,12.51,,,
EM2,,6.12,,5.51,,,
EM2,,6.33,,6.32,,,
EM2,0.407536521,,3.273862865,,,,
EM2,0.52866242,83.34,5.903614458,98.09,33.63,392.03,Marquesas
EM2,0.432835821,,1.844827586,,3.8,,
EM2,0.682242991,,3.349315068,,29.7,,
EM2,0.697674419,,3.52,,30.8,,
EM2,0.439372325,15.1,3.344155844,9.99,2.06,50.8,
EM2,0.315957447,20.9,4.107744108,13.2,4.61,112,
EM2,0.380175659,16.6,3.366336634,10.8,6.1,75.7,
EM2,0.356410256,24.2,3.573141487,21.8,10.2,140,
EM2,0.2856,26.2,4.285714286,19.2,9.02,142,
EM2,0.175193798,24.5,7.123893805,16.7,0.573,93.9,
EM2,0.267721519,32,4.609929078,25.6,9.63,188,
EM2,0.34859675,13,3.453389831,11.6,5.48,80.1,
EM2,0.360040568,22.3,4,16.8,6.81,134,
EM2,0.217054264,27.1,5.75,17.4,3.32,141,
EM2,0.271287129,20.1,4.525547445,13.8,5.14,102,
EM2,0.22991453,25.2,5.799256506,16.8,3.05,125,
EM2,0.306569343,15.2,4.533333333,11.4,3.29,85.4,
EM2,0.259090909,28.2,5.321637427,18.6,4.26,139,
EM2,0.18852459,30,7.695652174,19.4,2.86,170,
EM2,0.192584964,19.9,6.363636364,12.8,2.04,84.7,
EM2,0.280898876,16,4.91,10.5,3.46,91.3,
EM2,0.393028846,21,3.853211009,13.1,1.93,70.8,
EM2,0.352816901,28.1,3.69261477,18.5,11.7,143,
EM2,0.310185185,21.7,3.910447761,20.7,5.74,114,
EM2,0.395419847,30.5,3.687258687,19.5,6.06,150,
EM2,0.239823982,22.1,6.330275229,14.1,2.7,93,
EM2,0.503472222,79.38,3.648275862,54.45,31.07,407.56,Marquesas
EM2,0.396866841,60.15,3.934210526,52.52,2.2,490,
EM2,0.270967742,71.53,4.785714286,49.91,19.5,468,
EM2,0.328244275,22.42,3.279069767,16.13,,86,
EM2,0.390196078,77.9,4.462311558,53.8,55.7,665,
EM2,0.235643564,6.45,4.226890756,5.08,3.62,42.1,
EM2,0.411290323,11.618,3.152941176,8.017,9.153,97.986,
EM2,0.536144578,9.285,1.635955056,7.395,15.2453,62.914,
EM2,0.351242983,21.524,3.550228311,15.872,12.071,153.935,
EM2,,,,11.4,5.96,60.4,
EM2,0.298602287,9.95,3.2,7.21,5.97,70.7,
EM2,0.360544218,8.832,3.339622642,7.385,5.92895,77.179,
EM2,0.402985075,29.64,3.185185185,19.04,10.89,132.34,
EM2,0.37,20.25,3.135135135,13.25,6.84,91.04,
EM2,0.404040404,22.47,3.175,14.19,7.49,93.24,
EM2,0.368852459,25.2,3.222222222,16.56,8.77,107.1,
EM2,0.37755102,20.72,3.135135135,13.23,7.02,87.62,
EM2,,,,7.17,2.29,38.8,
EM2,0.198717949,24.11,4.193548387,16.73,8.91,107,
EM2,0.308219178,23.19,3.444444444,16.36,8.5,105.3,
EM2,0.197183099,15.18,3.464285714,10.51,5.39,67.93,
EM2,0.232758621,15.08,3.481481481,10.39,5.3,66.93,
EM2,0.28057554,20.7,3.41025641,15.24,7.65,95.09,
EM2,0.408602151,20.02,3.447368421,14.1,7.59,88.93,
EM2,0.260869565,16.89,3.5,11.83,5.96,73.47,
EM2,0.445454545,24.31,3.346938776,17.88,9.67,114.2,
EM2,0.121495327,21.46,3.461538462,15.68,8.22,98.57,
EM2,0.416666667,21.58,3.4,15.46,8.57,101.04,
EM2,0.288135593,17.11,3.352941176,12.88,6.24,79.64,
EM2,0.330508475,,3.230769231,13.04,149,104.7,
EM2,0.335877863,,3.272727273,13.88,166,115.3,
EM2,0.356756757,,3.257575758,16.74,212,144.2,
EM2,,25.4,,,8,201,
EM2,,27.3,,,10.57,246,
EM2,,22.3,,,10.2,194,
EM2,,23.3,,,10,227,
EM2,,25.8,,,7.95,226,
EM2,,29.5,,,11.16,254,
EM2,,31.1,,23.47,14.31,189.8,
EM2,,28.2,,23.02,4,158.6,
EM2,0.339869281,,3.211538462,17.43,177,123.2,
EM2,,,,12.54,8.97,98.1,
EM2,,,,17.66,168,130.3,
EM2,0.362318841,,3.32,17.66,175,128.9,
EM2,0.469230769,,3.147540984,16.06,195,121,
EM2,,,,17.56,9.64,132.3,
EM2,,,,22.07,216,166.3,
EM2,0.335877863,22,3.159090909,18.01,8,124.5,
EM2,0.362068966,25.4,2.984126984,21.15,12,149.5,
EM2,0.361904762,30.1,3.328947368,27.94,13,190.2,
EM2,,29.4,,21.95,9,165.9,
EM2,,16.9,,15,5.96,122.6,
EM2,,36.8,,,17.1,294,
EM2,,31.8,,23.97,16.34,220.9,
EM2,0.398601399,24.3,3.350877193,17.65,10.75,133.7,
EM2,,18.1,,15.24,6,109.6,
EM2,0.166666667,22.1,4.535714286,15.73,9.21,120,
EM2,,,,21,11.8,171.2,
EM2,0.331578947,37.72,3.301587302,24.07,13.23,154.6,
EM2,0.166666667,20.54,4.535714286,15.73,9.21,120,
EM2,,16.9,,,6,,
EM2,,,,13.8,7.07,89.8,
EM2,0.273743017,38.25,4.204081633,26.23,14.72,178,
EM2,0.289473684,5.71,3.212121212,14.56,9,80,
EM2,0.330097087,35,3.647058824,26.32,14.66,178.89,
EM2,0.263636364,15.5,3.724137931,12.02,6.11,87.76,
EM2,0.161616162,7.66,3.5625,5.75,3.61,43.63,
EM2,0.285714286,27.56,3.685185185,20.8,12.51,148.21,
EM2,0.281938326,33.88,3.671875,25,14.91,188.27,
EM2,0.188679245,23.59,4.233333333,16.22,8.29,102,
EM2,0.198717949,24.11,4.193548387,16.73,8.91,107,
EM2,,,,4.36,1.61,31.8,
EM2,,,,7.14,,53.4,
EM2,,,,10.26,9.29,88.3,
EM2,0.103448276,21.04,4.166666667,15.78,7.94,85,
EM2,0.335714286,34,3.829787234,22.2,12,137,
EM2,0.255102041,25.3,4.52,15.63,7.48,97,
EM2,0.260869565,28.5,3.861111111,17.94,8.71,115,
EM2,0.336363636,34,3.648648649,34.2,15,194,
EM2,0.335714286,33,3.829787234,22.2,12,137,
EM2,0.28,26.97,3.80952381,21.2,11,129,
EM2,0.335664336,27.6,3.416666667,19.03,9.8,120,
EM2,0.336363636,49,3.648648649,34.2,15,194,
EM2,0.529411765,39.7,2.555555556,25.8,16,162,
EM2,0.555555556,28.6,2.6,17.7,11,111,
EM2,0.103448276,21.5,4.166666667,15.78,7.94,85,
EM2,0.383647799,36.34,3.31147541,22.49,12.55,141.2,
EM2,0.259090909,40,3.859649123,26.4,14,157,
EM2,0.266666667,33,4.25,21.6,12,128,
EM2,,,,19.55,13.4,125.7,
EM2,,,,24.5,16.6,153.1,
EM2,0.395348837,40.07,3.470588235,25.79,14.35,155.8,
EM2,0.4,37.21,3.5,23.35,13.19,145.1,
EM2,,,,10.46,6.78,95.9,
EM2,,,,66.52,66,381.4,
EM2,,,,14.87,5.39,77.1,
EM2,0.255102041,23.26,4.52,15.63,7.48,97,
EM2,0.269230769,14.82,3.428571429,10.53,6.38,68.44,
EM2,,,,13.59,10.6,79.3,
EM2,0.28,33,3.80952381,21.2,11,129,
EM2,0.396226415,20.6,3.285714286,13.8,7.94,97.22,
EM2,0.41509434,20.75,3.159090909,13.92,8,97.77,
EM2,0.196261682,9.6,3.619047619,9,5.09,48.64,
EM2,0.135802469,11.45,3.454545455,10.32,3.89,62.93,
EM2,,20.9,4.256410256,15.69,8.6,130,
EM2,0.266666667,23,3.5,18.5,13,107,
EM2,,,,23.22,13.4,177,
EM2,,,,15.5,6.6,122.7,
EM2,,,,35.11,13.9,177,
EM2,,,,25.9,17,149.7,
EM2,0.245614035,36.2,4.371428571,30.4,21.75,272.9,
EM2,0.225806452,38.8,4.285714286,30.6,21.94,278.5,
EM2,0.272058824,60.8,4.554054054,41.9,36.58,338.1,
EM2,0.219373219,36.2,4.181818182,32.4,23.67,295.1,
EM2,,,,8.98,3.92,45.5,
EM2,0.2,22,4.666666667,14.8,19,230,
EM2,0.276836158,27,3.653061224,17.48,10.85,108.5,
EM2,0.2,35,3.4,22.5,13,129,
EM2,0.365671642,27.04,3.244897959,17.46,10.38,116,
EM2,,,,18.1,11.5,153,
EM2,0.387533875,12.84,3.108391608,9.9,5.49,60.3,
EM2,,,,10.6,3.11,158,
EM2,,,,29.21,13.8,177.1,
EM2,0.330357143,5.828,2.621621622,4.55,2.09,26.1,
EM2,0.441747573,45.62,3.868131868,35.78,18.26,200.8,
EM2,0.45,21.72,4.35042735,22.15,25.66,263.2,
EM2,0.371179039,17.6,3.247058824,30.31,20.5,423.5,
EM2,0.254545455,7.47,3.5,5.25,5.83,57.87,
EM2,0.274509804,7.01,3.214285714,4.92,3.96,54.56,
EM2,0.333333333,24.67,3.16,15.36,14.77,182.3,
EM2,0.284090909,12.79,3.2,8.63,6.96,89.98,
EM2,0.350746269,26.36,3.723404255,16.98,13.25,159.4,
EM2,0.340909091,21.46,3.111111111,14.31,12.33,166.3,
EM2,0.423756906,41,4.119947849,29.5,16.5,218,
EM2,0.22173913,10.2,3.062745098,10.5,11.7,45.1,
EM2,0.413157895,97,3.949044586,53,61,137,
EM2,0.338235294,9.32,3,8.06,2.87,35,
EM2,0.534246575,10.18,2.282051282,8.44,0.62,46,
EM2,0.41025641,7.31,3.25,5.74,1.3,23,
EM2,0.4,18.83,4.3,13.9,11.6,126,
EM2,0.428571429,6.93,3.266666667,5.45,1.3,25,
EM2,1.038461538,14.8,3.592592593,10.69,1.8,67,
EM2,0.46031746,15.94,3.862068966,11.8,4.1,54,
EM2,0.358974359,6.34,3.285714286,5.19,1.7,20,
EM2,0.383783784,59,1.478873239,46,19.7,346,
EM2,0.316129032,105,3.163265306,71,52.7,532,
EM2,,17.9,3.5,15.7,11.5,108,
EM2,5,19.4,3,17.6,12.7,119,
EM2,1.2,25.9,4.333333333,22.7,8.4,149,
EM2,2.666666667,24.5,3.125,25.1,19.2,184,
EM2,0.372727273,23.9,3.926829268,11.94,13.2,137,
EM2,0.433333333,17.2,3.846153846,12.17,11.5,106,
EM2,0.357142857,20.1,3.685714286,10.49,12.8,110,
EM2,1.6,30.6,3.5,31.9,16.5,212,
EM2,0.875,28.4,3.714285714,26,24.1,179,
EM2,0.057692308,45.9,3.733333333,53.9,39.4,351,
EM2,2.45,11,0.680272109,10,3.2,43,
EM2,0.45625,38,4.109589041,23,18.6,256,
EM2,0.522123894,33.9,3.220338983,8.47,8.42,208,
EM2,0.415384615,99.6,4.285714286,56.52,57.5,616,
EM2,0.469879518,33.9,3.153846154,20.08,14.9,169,
EM2,0.6,35.4,4.666666667,28,29,245,
EM2,0.666666667,20.7,4.25,18,12.4,177,
EM2,1,13,3,9.8,7.3,75,
EM2,0.545454545,38.8,4.166666667,29.3,17.4,253,
EM2,1,27.5,5.25,22,14.4,161,
EM2,0.777777778,40.4,4,29.3,21.5,227,
EM2,0.3375,22.5,5.185185185,9.1,6,100,
EM2,0.226666667,20.5,7.352941176,7.4,2.46,104,
EM2,0.264,29.3,6.636363636,9.78,6.73,164,
EM2,0.510989011,41.9,2.634408602,15.91,20.9,236,
EM2,0.406716418,57.7,4.357798165,32.99,38.1,403,
EM2,0.330210773,90.1,4.687943262,44.09,44.2,559,
EM2,0.428571429,96.8,4.709090909,50.64,54.8,599,
EM2,0.260606061,34.1,4.488372093,14.31,15.6,177,
EM2,,1.33,4.25,1,0.65,9,
EM2,,3.65,4,2.54,0.61,17,
EM2,,1.99,4,1.56,0.51,16,
EM2,0.391812865,36.5,3.582089552,23.5,25.5,331,
EM2,0.432160804,37.7,2.918604651,25.1,12.8,360,
EM2,0.47979798,40.9,2.789473684,27.7,8.39,257,
EM2,,7.11,,,2.998,42.75,
EM2,,23.3,,,11.41,125,
EM2,0.452830189,11.22,3.125,6.7,,96.21,
EM2,0.521276596,21.65,3.081632653,12.81,,161.63,
EM2,,14.4,,8.6,9.1,90,
EM2,1,4.45,3.3,2.79,,33.65,
EM2,0.307692308,7.57,2.4375,4.62,3.89,48.22,
EM2,0.588235294,4.45,3,2.68,,31.18,
EM2,,10,,,5.305,73.22,
EM2,,14.49,,,8.063,101.3,
EM2,,14.3,,,7.839,101,
EM2,0.449438202,15.42,2.45,10.03,9.09,113.1,
EM2,0.266666667,11.6,2.714285714,8.37,7.11,80.6,
EM2,0.339130435,25.5,2.974358974,16.3,13.7,173,
EM2,,19.5,,12,9.7,129,
EM2,0.387096774,23.8,3.361111111,12.1,10,123.5,
EM2,0.310880829,38,3.3,20.73,16.68,226,
EM2,0.553398058,30.79,3.245614035,16.53,,194.93,
EM2,0.092592593,1.8,2.6,1.76,3.95,18.9,
EM2,0.355932203,10.2,3.428571429,6.99,,65.86,
EM2,0.28030303,16,3.081081081,10.98,10.01,115.3,
EM2,,13.09,4.3,10.4,3.17,55,30W
EM2,0.250591017,4.68,4.160377358,22.64,45.7,597,
EM2,,1.28,1.2,1.58,1.63,3.98,
EM2,,,,18.3,13.2,226,30W
EM2,,1.29,,1.24,0.67,,30W
EM2,,5.57,,3.6,2.75,,30W
EM2,0.204545455,2.55,1.777777778,3.13,0.97,11.52,
EM2,,33.59,,20.5,15.63,,30W
EM2,,42.36,,25.2,18.26,,30W
EM2,,72.17,,46.3,34.89,,30W
EM2,,6.16,,4.28,2.74,,30W
EM2,,6.96,,4.21,3.82,,30W
EM2,,8.34,,,4.83,,30W
EM2,,,,12.45,,,30W
EM2,,,,5.74,,,30W
EM2,,,,5.74,,,30W
EM2,,8.6,,,5.13,,30W
EM2,,,,4.98,,,30W
EM2,,,,4.98,,,30W
EM2,,,,5.01,,,30W
EM2,,,,5.54,,,30W
EM2,,,,5.6,,,30W
EM2,,,,16.59,,,30W
EM2,,,,15.58,,,30W
EM2,,,,14.03,,,30W
EM2,,,,14.01,,,30W
EM2,,27.2,,14,9.41,,30W
EM2,,,,11.65,,,30W
EM2,,,,6.08,,,30W
EM2,,,,8.68,,,30W
EM2,,9.93,,5.95,5.13,,30W
EM2,,21.38,,,14.62,,30W
EM2,,15.46,,,6.14,,30W
EM2,,24.77,,,14.54,,30W
EM2,,11.65,,,6.49,,30W
EM2,,21.83,,13.3021,15.02,,30W
EM2,,8.21,,5.58,4.29,,30W
EM2,,28.84,,20.2,17.83,,30W
EM2,,32.79,,,19.3,,30W
EM2,,11.39,,,6.61,,30W
EM2,,8.95,,,5.67,,30W
EM2,,28.25,,18.4,18.48,,30W
EM2,,22.93,,,14.62,,30W
EM2,,,,11.4,7.13,76,30W
EM2,1.492857143,49.8,0.313397129,37.74,35,425,30W
EM2,1.790322581,55.1,0.304054054,44.01,45,499,30W
EM2,1.530927835,36.4,0.255892256,30.5,23,357,30W
EM2,,,,4.1,2.93,36,30W
EM2,0.502283105,45.6,3.063636364,31.4,20.1,263,30W
EM2,1.973684211,61.8,0.314666667,41.45,27,320,30W
EM2,,,,8,6.28,76,30W
EM2,0.444444444,31.8,3.486111111,24.1,27.2,290,30W
EM2,0.556097561,48,3.350877193,36.6,28.5,404,30W
EM2,,40,4.166666667,29,20,264,
EM2,,44,5.576923077,25,23,377,
EM2,,62,4.545454545,43,23,517,
EM2,,83,4.639175258,45,63,795,
EM2,,84,4.857142857,56,56,802,
EM2,,89,4.48,57,61,771,
EM2,,77,4.270833333,49,49,747,
EM2,,67,4.545454545,47,43,634,
EM2,,69,4.385964912,51,24,963,
EM2,,81,4.632352941,58,43,700,
EM2,,62,5,45,33,561,
EM2,,165,3.269639066,132,58,986,
EM2,,112,4.126213592,87,59,844,
EM2,,67,4.732824427,52,31,514,
EM2,,47,4.4,36,25,352,
EM2,0.392408938,66.761,4.269890796,56.948,30.22,504,
EM2,0.385057471,54.5,3.835820896,29,16.3,227,
EM2,0.38700565,87,4.299270073,56.7,27.3,394,
EM2,0.425,69.2,4.100840336,52.9,23,330,
EM2,0.372881356,49.6,3.965909091,31.3,20.4,231,
EM2,0.435435435,154,5.482758621,77.5,24.7,304,
EM2,0.444897959,59,3.926605505,40.2,16.8,268,
EM2,0.378787879,35.4,3.88,20.1,11.6,145,
EM2,0.383838384,52.5,4.460526316,36,17.7,235,
EM2,0.38671875,64.3,3.96969697,41.4,22.5,275,
EM2,0.758768983,121.96,2.611052072,111.946,62.882,772,
EM2,0.591304348,84.6,3.857843137,81.9,39.9,571,
EM2,0.470509978,66.397,4.362865221,42.251,22.561,502,
EM2,0.48211731,73.798,3.988130564,43.982,34.218,477,
EM2,0.47856554,89.679,3.93712317,46.163,28.676,581,
EM2,0.361954721,76.231,2.149504195,32.98,21.789,592,
EM2,0.506797172,50.256,4.277896996,39.117,14.876,359,
EM2,0.322115385,58.282,4.293532338,43.308,25.67,457,
EM2,0.446536651,67.804,3.829066265,50.817,32.355,498,
EM2,0.556139613,96.391,3.753497164,92.207,49.171,725,
EM2,,,3.67965368,,,,
EM2,0.239051095,8.6,3.358778626,5.13,3.48,38.2,
EM2,0.272373541,7.72,2.878571429,5.2,5.37,34.71,
EM2,0.280361757,13.68,3.65437788,7.99,4.96,53.47,
EM2,0.295958279,11.2,3.81938326,7.18,6.86,109.5,
EM2,0.588829284,117.28,3.570203644,52.9,37.94,1184.1,
EM2,0.456,,4.456140351,44.1,41.6,814.7,
EM2,0.556756757,,5.932038835,90.8,101.8,1546.7,
EM2,0.54599874,102.6,3.864396999,59.89,62.38,1052.6,
EM2,0.522752915,83.21,3.795683453,47.53,53.96,857.8,
EM2,0.494586234,83.54,3.824863174,44.4,55.59,904.8,
EM2,,,,,64,847.9,
EM2,,,,,52.9,1071.3,
EM2,0.597144631,61.85,3.83991684,32.43,30.11,526.9,
EM2,,,,,59.2,1120,
EM2,,,,,18,566.1,
EM2,0.590454692,109.55,3.664117968,53.56,62.02,1139.2,
EM2,0.850967742,95.9,3.040181956,73.8,28.5,627,
EM2,0.783586626,90.3,3.173002327,81.4,29.2,620,
EM2,0.850967742,95.9,3.040181956,73.8,28.5,627,
EM2,0.783586626,90.3,3.173002327,81.4,29.2,620,
EM2,0.144943165,200.6,4.269052886,346.6,61.3,942,
EM2,0.144943165,200.6,4.269052886,346.6,61.3,942,
EM2,0.383745583,77,3.070902394,62.3,33.4,594,
EM2,0.383745583,77,3.070902394,62.3,33.4,594,
EM2,0.4375,36.8,2.226890756,29.8,10.8,133,
EM2,0.25503876,61.4,3.910840932,38.4,49.6,740,
EM2,0.320432692,66.1,3.203300825,43.1,60,850,
EM2,0.268907563,61.1,4.09375,39.6,83,781,
EM2,0.25503876,61.4,3.910840932,38.4,49.6,740,
EM2,0.320432692,66.1,3.203300825,43.1,60,850,
EM2,0.268907563,61.1,4.09375,39.6,83,781,
EM2,0.417177914,35,3.852941176,23,21,344,
EM2,0.555555556,68,3.859259259,46,30,483,
EM2,0.53909465,72,4.152671756,43,32,518,
EM2,0.395705521,60,3.589147287,44,43,552,
EM2,0.494845361,61.1,3.791666667,49.6,39.2,600,
EM2,0.402183406,39.3,3.724212812,35.9,26.3,423,
EM2,0.459693878,40.9,3.551609323,34.4,27.8,372,
EM2,0.615286624,42.2,3.322981366,29.5,24.8,389,
EM2,,6,,0.53,2,7.1,
EM2,0.271523179,21,3.43902439,11.55,1.9,119,
EM2,0.237762238,21,4,11.65,15.4,122,
EM2,0.303414634,24.7,3.022508039,18.8,1.9,177,
EM2,0.185714286,17,3.938461538,13.3,17.6,121,
EM2,0.27345679,17.9,3.115124153,13.3,11.7,142,
EM2,0.401960784,52,3.422764228,46.6,34.7,593,
EM2,0.419230769,46.5,3.71559633,39.3,29.9,484,
EM2,0.263279446,51.1,4.192982456,57.2,58.5,706,
EM2,0.425,31.6,3.795518207,27.2,26.7,336,
EM2,0.449541284,64.2,3.727891156,53.7,46.2,629,
EM2,0.54028436,54.7,4.01754386,39.9,36.2,460,
EM2,0.601328904,48.4,2.580110497,45.3,36.3,484,
EM2,0.276803119,53,3.929577465,64.6,42.9,676,
EM2,0.588516746,55.8,3.894308943,40.2,35.7,453,
EM2,0.584821429,54.9,3.687022901,41.6,31.1,466,
EM2,0.469594595,54.7,3.316546763,44.9,33.4,483,
EM2,0.373873874,65.8,3.777108434,62.5,46.3,686,
EM2,0.489655172,60.6,4.028169014,53,27.5,555,
EM2,0.615384615,52.7,3.359375,41.6,28.5,477,
EM2,0.542372881,56.6,3.9375,43.1,34.1,490,
EM2,0.544061303,62.4,4.176056338,51,16.6,544,
EM2,0.127884615,7.07,3.884711779,12.6,19.2,204,
EM2,0.127884615,7.07,3.884711779,12.6,19.2,204,
EM2,0.801941748,133,7.324455206,139,530,19.9,
EM2,0.801941748,133,7.324455206,139,530,19.9,
EM2,0.339776952,106,5.492341357,109,408,125,
EM2,0.06015748,55.5,4.97382199,53.5,393,239,
EM2,0.339776952,106,5.492341357,109,408,125,
EM2,0.06015748,55.5,4.97382199,53.5,393,239,
EM2,0.104313725,2.82,6.729323308,6.51,12.3,78.6,
EM2,0.104313725,2.82,6.729323308,6.51,12.3,78.6,
EM2,0.190306122,3.58,3.378016086,5.5,14.2,87.3,
EM2,0.190306122,3.58,3.378016086,5.5,14.2,87.3,
EM2,0.219047619,3.98,2.543478261,5.18,11,82.8,
EM2,0.219047619,3.98,2.543478261,5.18,11,82.8,
EM2,0.147138965,8.09,3.546296296,17.7,38.9,290,
EM2,0.147138965,8.09,3.546296296,17.7,38.9,290,
EM2,0.228571429,4.85,2.25,5.54,3.68,21.5,
EM2,0.169402985,13.8,2.995594714,18.6,18.9,116,
EM2,0.119931271,14.4,3.954154728,14.9,13.6,112,
EM2,0.40923913,7.11,0.932270916,21,55.4,45.6,
EM2,0.626436782,43.4,2.853211009,33.7,28.4,444,
EM2,0.618504436,114,1.823770492,114,44,483,
EM2,0.351351351,76,5.353846154,69.1,13.9,320,
EM2,0.469375,82.1,1.213049268,108,8.94,373,
EM2,0.178688525,12.8,1.727828746,15.3,10.1,121,
EM2,0.339449541,61.5,4.297297297,44.8,57.9,387,
EM2,,28,,22.1,12,,RedSea
EM2,,32,,27.7,18,,RedSea
EM2,,37,4.544117647,30.4,17,217,RedSea
EM2,,31,3.969230769,25.5,13,187,RedSea
EM2,,22,,17.2,10,,RedSea
EM2,0.305500331,35.33,3.867678959,22.76,12.26,185.2,RedSea
EM2,,34,,25.7,18,,RedSea
EM2,0.335664336,23.5,3.645833333,18.1,7.33,163,RedSea
EM2,0.385508407,48.43,4.170301142,28.76,27.28,348.2,RedSea
EM2,0.323671498,31.4,4.014925373,28,20,218,
EM2,0.365079365,32.1,4.115942029,26.1,21.5,256,
EM2,0.398058252,36.3,4.987804878,29,24.1,258,
EM2,0.420792079,39.6,5.305882353,31.4,21.7,303,
EM2,0.428571429,37.6,4.688172043,30.4,24.3,281,
EM2,0.373205742,35.3,5.153846154,27.9,32.9,285,
EM2,0.418972332,43.2,4.688679245,34.1,45.6,351,
EM2,0.468277946,63.1,4.664516129,50.3,38.9,442,
EM2,0.534883721,75.1,4.358695652,59.5,54.8,508,
EM2,0.463636364,62.3,4.640522876,49.7,31.6,431,
EM2,0.295081967,13.78,2.861111111,8.3,9.54,71.95,
EM2,0.426966292,10.91,2.605263158,8.55,7.24,52.88,
EM2,0.386666667,12.68,3.310344828,8.49,9.18,48.8,
EM2,0.264150943,26.43,4.267857143,18.06,20.9,242,
EM2,0.75,54.8,3.5,41.3,27.3,310,
EM2,1.5,34,1.666666667,25.8,11,197,
EM2,0.448275862,3.2,1.923076923,3.85,17.1,12,
EM2,0.391304348,4,1.888888889,3.95,19.9,24,
EM2,0.233333333,,9.714285714,,32.1,,
EM2,0.416915423,37.4,4.15274463,28.3,30.6,257,
EM2,0.643410853,1.01,0.987951807,1.09,3.53,25.4,
EM2,0.465454545,,3.515625,,18.8,,
EM2,1.201149425,,1.846889952,,30.2,,
EM2,0.529411765,,2.51010101,,26.6,,
EM2,0.453038674,,4.323170732,,32.8,,
EM2,0.71875,,3.565217391,,15.1,,
EM2,0.85,,4.5,,,,
EM2,0.75,,5,,,,
EM2,0.592592593,,4.104166667,,,,
EM2,0.619047619,,4.230769231,,29.5,,
EM2,0.565217391,,3.923076923,,28.8,,
EM2,2,,2.9,,17.3,,
EM2,0.6875,,3.818181818,,31.8,,
EM2,0.979233227,,1.908646003,,40.6,,
EM2,0.076470588,35.2,2.717948718,23.04,15.1,489,
EM2,0.047690015,33.6,3.53125,22.83,16.08,567,
EM2,0.051617874,34.3,3.432835821,22.75,16.15,549,
EM2,0.102631579,27.7,4.58974359,22.48,14.83,270,
EM2,0.130337079,32,3.724137931,28.13,28.04,153,
EM2,0.062647754,31.3,3.962264151,45.82,37.68,184,
EM2,0.24,19,4.833333333,18.1,22,283,
EM2,0.464285714,43,4.307692308,38.2,32,464,
EM2,0.484848485,58,4.25,46.8,55,630,
EM2,0.113432836,156,34.47368421,82.2,64.6,888,
EM2,0.117676768,134,14.07725322,81.4,53.3,1060,
EM2,0.344506518,54.7,4.843243243,62.1,88.3,711,
EM2,0.370546318,69.6,2.596153846,84.9,55.5,802,
EM2,1.174418605,11.2,4.99009901,7.21,4.52,58.4,
EM2,0.7,35.1,4.571428571,21.6,24.4,294,
EM2,0.333333333,15.3,7.5,9.5,9,116.4,
EM2,0.384615385,26.3,4.6,14.5,14.4,166.6,
EM2,0.625,23.3,4.2,14.2,4.4,68,
EM2,0.571984436,67.7,4.380952381,48.1,53.8,529,
EM2,0.4921875,81.5,4.153439153,56.8,90.8,651,
EM2,0.392156863,66.5,5.258333333,52.5,57,623,
EM2,0.625,16.5,3,10.2,12.1,98,
EM2,0.381818182,9.37,3.322751323,5.51,2.55,31.6,
EM2,0.453405018,9.6,2.537549407,5.55,3.46,49.3,
EM2,0.464634146,20.7,3.884514436,11.3,3.92,88.7,
EM2,0.331961591,21.5,6.404958678,11.5,5.08,81.3,
EM2,0.257553957,25.1,4.636871508,15.5,9.38,117,
EM2,0.428571429,11.4,3.666666667,7.7,5.1,66.4,
EM2,0.267260579,23.5,7.041666667,13,5.21,90.3,
EM2,0.56892779,9.9,2.796153846,5.78,3.34,42,
EM2,0.339252336,28,5.702479339,15.7,3.87,154,
EM2,0.714285714,47,4.1,33,24,326,
EM2,0.885714286,36,2.741935484,31.1,20,230,
EM2,0.706666667,44,3.773584906,32,20,253,
EM2,1.324324324,13.1,2.367346939,29.5,46.1,72.7,
EM2,0.233333333,50,4.142857143,39,31,359,
EM2,1.4,62,5.214285714,45,40,387,
EM2,0.190909091,2,1.952380952,6,8,255,
EM2,0.512953368,81.5,3.898989899,43.7,40.3,277,
EM2,0.940298507,15.8,0.650793651,40.84,19.3,125,
HIMU,0.432762836,82,3.88700565,69.8,31,455,Ant
HIMU,0.454148472,79,3.288461538,67.5,31,447,Ant
HIMU,0.401766004,69,3.56043956,57.1,36,452,Ant
HIMU,0.491856678,60,3.026490066,47.5,24,383,Ant
HIMU,0.479495268,64,3.578947368,51.1,30,406,Ant
HIMU,0.496551724,52,3.048611111,42,24,362,Ant
HIMU,0.443262411,51,3.104,38.5,13,332,Ant
HIMU,0.35546875,54,4.56043956,35.1,14,275,Ant
HIMU,0.481927711,83,3.45,69.6,35,539,Ant
HIMU,0.355769231,80,4.437837838,66.5,35,562,Ant
HIMU,0.178947368,,2.455882353,19.04,26.3,221.5,
HIMU,0.382352941,10.4,6.181818182,5.85,6.87,34.4,
HIMU,0.421487603,62.6,4.735294118,47.3,34.3,266,
HIMU,0.406692407,4.88,1.310126582,3.52,28.2,47.5,
HIMU,0.675675676,73.5,3.973333333,77.6,20.2,782,
HIMU,0.388489209,2.79,3.888888889,1.4,3.15,18.17,
HIMU,0.58452381,43.3,3.594704684,31,15.2,205,
HIMU,0.589473684,47,3.473214286,33.5,16.9,216,
HIMU,0.615602837,35,3.456221198,25.8,12.1,160,
HIMU,0.549100968,15.7,3.400503778,12.4,2.03,71.7,
HIMU,0.505699482,20,3.504098361,15.8,8.217,89.9,
HIMU,0.630769231,58.1,3.699186992,47.2,20.3,291,
HIMU,0.5,39.7,3.475609756,26,8.718,168,
HIMU,0.321428571,,3.527777778,24.4,5,169,
HIMU,0.406542056,38,3.620689655,28.2,8.94,162,
HIMU,,65,,58,20,270,
HIMU,0.472222222,,3.985294118,50.6,19,290,
HIMU,,19,,15.6,4.5,85,
HIMU,0.562275449,45,3.759318424,31.9,15.2,217,
HIMU,0.296296296,,3.1875,,14.8,,
HIMU,0.358490566,,4.684210526,,12.6,,
HIMU,0.382978723,,2.5,,14.1,,
HIMU,0.203125,,4.538461538,,11.3,,
HIMU,0.705882353,,4.462962963,,7.63,,
HIMU,0.606451613,,4.382978723,,7.86,,
HIMU,0.388888889,,6.285714286,,2.07,,
HIMU,,103.7,4.638497653,85.8,18,402,
HIMU,0.454545455,52,4.295238095,37.4,20,350,
HIMU,,37,4.603174603,24.8,11,147,
HIMU,0.356020942,40,4.529411765,25.2,13,147,
HIMU,,68.5,4.605263158,42,21,266,
HIMU,,63.8,4.119402985,47.3,27,301,
HIMU,0.719672131,193.35,4.817767654,133.78,77.62,781.99,
HIMU,0.50018875,73.14,3.710188679,45.07,31.64,316.4,100W
HIMU,0.4304,79.622,5.284386617,20.74,29.18,420.8,100W
HIMU,0.122988506,47,3.551401869,33,8.4,212,100W
HIMU,0.593406593,62.4,3.787037037,47.6,32.6,483,
HIMU,0.078498294,23.52,6.260869565,16.42,20.05,416,
HIMU,0.078498294,23.52,6.260869565,16.42,20.05,416,
HIMU,,,,14.9,20,620,
HIMU,,,,41.64,38.6,667.1,
HIMU,,,,12.38,17.9,324.6,
HIMU,0.624113475,23.6,1.636363636,18.6,16.5,92.5,
HIMU,0.476439791,55.8,3.175824176,36.3,16.4,330,
HIMU,0.253358925,69.4,2.856060606,46.8,25.7,367,
HIMU,1.017429194,28.5,3.068522484,18.28,33.7,745,
HIMU,1.139784946,34.14,3.356603774,12.49,36.3,745,
HIMU,1.422169811,29.07,3.054726368,10.06,38.8,843,
HIMU,,,,,,,
HIMU,2.031914894,63.4,0.319371728,41.6,27,325,
HIMU,0.656779661,63.6,2.916129032,49.1,26,368,
HIMU,1.700680272,35.6,0.348,27.07,20,244,
HIMU,1.790909091,66,0.360406091,50.19,33,411,
HIMU,2.011363636,55,0.34180791,37.45,24,294,
HIMU,,,,,24,,
HIMU,1.718562874,52.9,0.317073171,45.31,28,428,
HIMU,2.189873418,55.5,0.349710983,37.35,25,316,
HIMU,1.562189055,51.3,0.302547771,43.98,29,525,
HIMU,1.65625,52,0.293800539,34.87,29,393,
HIMU,,76,,,,396,
HIMU,,51,,,,241,
HIMU,,84,,,,56,
HIMU,0.275200829,61.019,4.034839925,41.171,27.931,450,
HIMU,0.428571429,71.4,4.010752688,36.7,25.3,424,
HIMU,0.413580247,66.2,3.962686567,60.5,37.4,397,
HIMU,0.330033003,62.9,4.25,44.7,36,396,
HIMU,0.407258065,78.2,4.217821782,51.5,36.2,432,
HIMU,0.38320356,70.278,4.106676343,59.45,34.205,486,
HIMU,0.328477786,78.773,3.952697709,54.135,36.559,544,
HIMU,0.479725311,74.305,4.066121336,63.547,33.254,472,
HIMU,0.315764023,78.975,5.150842266,56.254,7.224,550,
HIMU,,54,,,20,315,
HIMU,,95,,,34,662,
HIMU,,124,,,62,725,
HIMU,,72,,,29,393,
HIMU,,,,,28.8,,
HIMU,0.644578313,102,3.395638629,70.5,48.7,561,
HIMU,0.460946746,33.1,3.543003851,26.9,13.1,211,
HIMU,,86,,,34,464,
HIMU,,58,,,32,316,
HIMU,,39,,,19,205,
HIMU,,95,,,49,512,
HIMU,0.617605634,35.8,3.340935006,27.6,16.2,225,
HIMU,0.678787879,35,3.604910714,24.3,13.1,196,
HIMU,0.724137931,31.3,3.047619048,24,12.9,176,
HIMU,,97,,,50,532,
HIMU,,101,,,53,512,
HIMU,0.64751773,39.1,3.526834611,29.6,15.6,220,
HIMU,,90,,,42,484,
HIMU,,71,,,30,429,
HIMU,,59,,,22,322,
HIMU,,106,,,81,594,
HIMU,,71,,,30,432,
HIMU,,39,,,15,211,
HIMU,0.564739884,42.7,3.848515865,32.4,15.9,261,
HIMU,,86,,,38,431,
HIMU,,47,,,18,245,
HIMU,,50,,,20,261,
HIMU,0.762195122,26.4,3.632,20.5,8.44,143,
HIMU,0.518032787,41.9,3.776371308,31.8,14.5,254,
HIMU,0.487068966,55.8,4.451327434,41.8,21.3,321,
HIMU,,60,,,24,325,
HIMU,,58,,,24,327,
HIMU,,63,,,25,314,
HIMU,0.453424658,54.3,4.75327291,41,20.5,317,
HIMU,,68,,,28,378,
HIMU,,85,,,34,479,
HIMU,,99,,,49,500,
HIMU,,78,,,29,411,
HIMU,,53,,,23,275,
HIMU,,100,,,45,551,
HIMU,0.552301255,64,3.946969697,47.4,23.7,512,
HIMU,0.556551724,37.3,3.903345725,28.5,12.8,222,
HIMU,,52,,,15,291,
HIMU,,99,,,49,527,
HIMU,0.411764706,76.9,5.452380952,63.8,35.1,432,
HIMU,,79,,,31,409,
HIMU,,63,,,48,339,
HIMU,0.655752212,30.6,3.657219973,24.3,11.4,192,
HIMU,0.599190283,69.9,3.655405405,51.5,28.8,413,
HIMU,,71,,,32,414,
HIMU,,,,38,,,
HIMU,0.462426401,71.06574071,3.547437914,48.38775622,24.41044361,329.3375342,
HIMU,0.553588332,26.91882957,3.431585946,19.40665267,10.76388535,122.4993021,
HIMU,0.566468756,42.20256069,3.431718806,29.04537653,15.38674099,192.2218319,
HIMU,0.523651954,43.8245616,3.496911389,30.21312467,16.28838529,200.1497632,
HIMU,0.529535865,130,,81.6,54.8,584,
HIMU,0.512367491,73.2,,49.7,27.2,369,
HIMU,0.525892857,,,,16.8,,
HIMU,,,2.428571429,,,,
HIMU,,,2.245098039,,,,
HIMU,,,,42.6,,,
HIMU,,,,26.5,,,
HIMU,,73.2,,,,,
HIMU,,61.6,,,,,
HIMU,,130,,,,,
HIMU,0.698333333,,,49.98,,,
HIMU,0.468823529,,,28.47,,,
HIMU,0.422258065,,,,,,
HIMU,0.48,,,,,,
HIMU,0.557142857,,,25.55,,,
HIMU,0.528484848,,,58.3,,,
HIMU,0.383684211,,,31.01,,,
HIMU,,,,,18.8,,
HIMU,,,,,27.7,,
HIMU,,,,,32.9,,
HIMU,,,,,7.3,,
HIMU,,,,,24.9,,
HIMU,,,,,27.1,,
HIMU,,55,3.836206897,38.7,19,335,
HIMU,,66,9.586956522,42.6,24,413,
HIMU,,71,7.012048193,49.5,28,413,
HIMU,,55,7.178571429,36.7,20,335,
HIMU,,,,30,,,
HIMU,0.510869565,44.5,3.414893617,30.1,17.4,237,
HIMU,0.47983871,56.9,3.571428571,40.8,22.3,326,
HIMU,,,,,7.5,,
HIMU,0.261445619,29.24050223,7.787355284,40.67707717,1.558810702,126.8915453,
HIMU,0.527728672,50.73516963,3.396445166,55.57181137,15.01514428,574.3183583,
HIMU,0.522234072,67.14038022,3.514063205,48.00665152,31.0783123,395.3913181,
HIMU,0.583333333,65.6,2.98757764,46.8,24.9,363,
HIMU,0.45862069,66.3,3.428571429,44.4,24.1,359,
HIMU,0.470119522,57.9,3.694915254,40.1,18.8,313,
HIMU,0.478672986,46.7,3.415841584,32.2,19,273,
HIMU,0.463855422,38.3,3.844155844,27.2,11.7,206,
HIMU,0.525252525,24.9,3.5,17.7,9.81,130,
HIMU,0.539473684,39.6,3.43902439,27.4,15.6,208,
HIMU,0.543478261,37,3.32,24.6,13.9,183,
HIMU,,,,,45.5,,
HIMU,,,,,37.6,,
HIMU,,,,,42.2,,
HIMU,,,,,42.9,,
HIMU,,,,,26.6,,
HIMU,,,,,46.1,,
HIMU,,,,,37.1,,
HIMU,,,,,42.5,,
HIMU,,,,,36.9,,
HIMU,,,,,41.7,,
HIMU,,,,70,,,
HIMU,0.444785276,69.5,3.551724138,47.1,28.1,375,
HIMU,0.515075377,88.7,3.551219512,70.9,35.8,464,
HIMU,,42,,25.6,16,211,
HIMU,,51,3.247787611,32.7,18,276,
HIMU,,42,3.658227848,26.6,11,201,
HIMU,,125,,,46,552,
HIMU,,54,,,1,268,
HIMU,,112,,80.5,42,492,
HIMU,,122,,80.6,44,611,
HIMU,,86,,,26,501,
HIMU,,68,,50.2,24,373,
HIMU,,47,3.378947368,29.5,12,225,
HIMU,,180,,,87,740,
HIMU,,175,3.888888889,108,82,575,
HIMU,,66,2.577142857,41.6,21,327,
HIMU,,169,4.366666667,95.8,63,827,
HIMU,,81,,50.2,27,367,
HIMU,,88,,60.8,30,430,
HIMU,,76,,,22,377,
HIMU,,48,,33.8,15,247,
HIMU,,68,,41.3,18,307,
HIMU,,88,,,31,407,
HIMU,,163,,108,112,679,
HIMU,,157,3.733031674,125,170,311,
HIMU,,54,,37.5,19,271,
HIMU,,42,3.653846154,28,14,430,
HIMU,,52,3.147826087,39,12,427,
HIMU,,100,,,30,963,
HIMU,,222,,115.5,94,967,
HIMU,,167,,,172,61,
HIMU,,153,,,159,408,
HIMU,,159,,89.6,60,752,
HIMU,,,,31.7,16.1,275,
HIMU,,,,,11.8,,
HIMU,,,,,9,,
HIMU,,,,28.6,,,
HIMU,,38.5,,,,,
HIMU,,,,,22.2,,
HIMU,0.509708738,,,,,,
HIMU,0.203703704,23.2,3.409090909,21.3,5.39,206,
HIMU,,,,,26.3,,
HIMU,0.449838188,,,,,,
HIMU,,,,,9,,
HIMU,,29,,20.3,10,138,
HIMU,,52,,31.7,17,259,
HIMU,,44,3.082474227,28.2,14,217,
HIMU,,52,,,16,243,
HIMU,,86,,52.1,32,408,
HIMU,,75,3.064705882,48.3,22,362,
HIMU,,39,2.85,26.1,13,182,
HIMU,,70,2.695187166,47.6,200,334,
HIMU,,76,,50.6,25,382,
HIMU,,84,2.662100457,52.9,30,393,
HIMU,,60,,,41,343,
HIMU,,46,,,13,222,
HIMU,,97,,59.7,36,459,
HIMU,,85,,,26,435,
HIMU,,66,,50.1,18,544,
HIMU,,73,,40.7,22,345,
HIMU,,99,,60.5,37,452,
HIMU,,141,,83.4,59,578,
HIMU,,,,,23.6,,
HIMU,,,,,21.4,,
HIMU,,,,,26.2,,
HIMU,,,,,28.1,,
HIMU,,,,,33,,
HIMU,,,,,36.9,,
HIMU,,,,,7.1,,
HIMU,,,,,26.6,,
HIMU,,,,,21.6,,
HIMU,,43,,,16,233,
HIMU,0.557539683,109,3.879003559,79.9,55.8,616,
HIMU,,64,,,26,343,
HIMU,,93,,,50,667,
HIMU,,78,,,35,497,
HIMU,,106,,,63,666,
HIMU,0.671641791,25.4,3.444444444,20.1,10.3,147,
HIMU,,68,,,27,371,
HIMU,,100,,,46,538,
HIMU,0.573033708,44.9,3.529411765,33.6,18,258,
HIMU,,72,,,31,398,
HIMU,,54,,,25,331,
HIMU,,97,,,47,523,
HIMU,0.619607843,62.9,3.607594937,49.8,28.2,376,
HIMU,0.555045872,58,4.099173554,43.7,22.7,344,
HIMU,0.573333333,55.3,3.651162791,41.9,18.9,318,
HIMU,,97,,,41,577,
HIMU,,81,,,34,421,
HIMU,0.689130435,37.9,3.501577287,28.8,15.8,217,
HIMU,0.62568306,85.7,3.585152838,89,40.4,524,
HIMU,,83,,,34,464,
HIMU,,50,,,17,276,
HIMU,0.637426901,116,3.73088685,96.2,70.3,815,
HIMU,0.613899614,112,3.836477987,94.8,64.9,778,
HIMU,1.27238806,122,2.53372434,95.5,37.4,613,
HIMU,1.323828921,75.4,1.453846154,61.2,63.3,483,
HIMU,1.111111111,56.9,2.071428571,39.5,44.2,489,
HIMU,0.67032967,48.1,3.37704918,43.4,17,362,
HIMU,0.08718232,209.6,26.89480355,60.9,38.8,1978,
HIMU,0.615686275,120.5,4.631483167,80.7,31.3,841,
HIMU,0.08718232,209.6,26.89480355,60.9,38.8,1978,
HIMU,0.615686275,120.5,4.631483167,80.7,31.3,841,
HIMU,0.409747292,131.5,5.383259912,96.3,19.3,446,
HIMU,0.448657718,85.3,4.315632012,98.6,25,2103,
HIMU,0.409747292,131.5,5.383259912,96.3,19.3,446,
HIMU,0.448657718,85.3,4.315632012,98.6,25,2103,
HIMU,0.736453202,64.2,3.337792642,53.4,22.9,482,
HIMU,0.736453202,64.2,3.337792642,53.4,22.9,482,
HIMU,0.633802817,70.6,3.792592593,49.6,53.2,489,
HIMU,0.621513944,70.8,3.602564103,49.7,36.1,469,
HIMU,0.510708402,120,3.709677419,76.6,81.4,827,
HIMU,0.566081871,51.9,3.811983471,38.2,22.3,405,
HIMU,0.612903226,80.5,3.394736842,66.4,30,578,
HIMU,0.545008183,128.2,3.567567568,81.9,92.7,1025,
HIMU,0.5,31.6,3.662162162,26.9,25,267,
HIMU,1.314285714,42,3.739130435,30,22,362,
HIMU,0.859375,79,2.863636364,54,26,511,
HIMU,0.731884058,99,3.54950495,73,18,601,
HIMU,0.542662116,78.5,3.811320755,60.6,49.2,592,
HIMU,0.573943662,79.4,3.717791411,60.6,44.7,587,
HIMU,65,62,3.056410256,56,29,528,
HIMU,0.555084746,72,3.86259542,47,24,452,
HIMU,0.580375783,105.8,3.446043165,72,59,664,
HIMU,0.833333333,67.3,3.657142857,51.6,40.5,605,
HIMU,0.574380165,71.2,4.136690647,52.6,30.3,510,
HIMU,0.579918033,107,3.886925795,77.8,59.6,803,
HIMU,0.597345133,61.4,3.733333333,52.9,23.3,509,
HIMU,0.532188841,62.8,4.217741935,48.6,25.8,487,
HIMU,0.596899225,79.9,3.753246753,62.8,54.4,595,
HIMU,0.618677043,79.2,3.257861635,63.6,41.3,617,
HIMU,0.577931034,41.3,3.675417661,36.1,15.4,432,
HIMU,0.582802548,43.4,3.56284153,38.4,18.4,395,
HIMU,0.436170213,75.5,5.146341463,58.3,29.8,571,
HIMU,0.544078947,42.6,3.893591294,37.3,18.6,412,
HIMU,0.562015504,61.7,3.668965517,65.9,19.8,589,
HIMU,0.631578947,50.5,3.608333333,44.4,25.1,446,
HIMU,0.637419355,47.9,3.552631579,37.4,23.7,380,
HIMU,0.556028369,103,3.392857143,60.2,86.1,641,
HIMU,0.443349754,79,2.280555556,54.3,40.1,434,
HIMU,0.774336283,60.2,2.988571429,46.4,33.6,471,
HIMU,0.585714286,59.3,3.455284553,40.6,15.8,357,
HIMU,0.461538462,52.8,4.425925926,40,36.3,403,
HIMU,0.520123839,78.6,3.446428571,61.2,42.3,773,
HIMU,0.721590909,115.1,3.976377953,86,51.3,907,
HIMU,0.625514403,57.6,3.322368421,45.6,31.6,440,
HIMU,0.545454545,88.2,3.715053763,71.6,44.1,685,
HIMU,0.484745763,28.5,3.933566434,21.3,14.1,197,
HIMU,0.907395498,72.2,1.977321049,54,64.1,373,
HIMU,0.907395498,72.2,1.977321049,54,64.1,373,
HIMU,0.624535316,78.5,4.648809524,60.8,31.1,577,
HIMU,,108,,76.8,28,660,
HIMU,0.532142857,59.9,3.88590604,55.5,32.7,496,
HIMU,0.462732919,61.8,3.657718121,49.1,39.5,502,
HIMU,0.47257384,51.9,3.910714286,41.9,24.9,366,
HIMU,0.406796117,43.4,3.949880668,30.4,20.6,352,
HIMU,0.491428571,78.7,3.86627907,65.5,41.5,648,
HIMU,0.506993007,73.5,4.227586207,61.8,42.4,592,
HIMU,0.507874016,64.8,4.03875969,51.6,34.8,514,
HIMU,0.56147541,57.8,4.189781022,49.5,30.4,444,
HIMU,0.498469388,45.2,4.083930399,38.6,21.3,384,
HIMU,0.197318008,38.9,3.873786408,32.1,24.3,313,
HIMU,0.86,71.6,2.093023256,70.4,17.9,453,
HIMU,0.86,71.6,2.093023256,70.4,17.9,453,
HIMU,0.534782609,48.9,3.634146341,42.4,24.9,374,
HIMU,0.531716418,136,4.245614035,109,65.9,870,
HIMU,0.541950113,118,4.083682008,91.7,60.2,809,
HIMU,0.534825871,89,3.702325581,69.8,48.4,657,
HIMU,0.473498233,53.7,3.895522388,48,28.6,469,
HIMU,0.591695502,71.4,3.824561404,68.3,29.9,538,
HIMU,0.570934256,73.3,3.745454545,67.9,30.8,528,
HIMU,0.515695067,50.8,3.869565217,47.7,24.4,401,
HIMU,0.50862069,68.1,3.355932203,53.5,28.7,419,
HIMU,0.407142857,49,4.426450742,35,17.9,357,
HIMU,0.470873786,44.3,3.93814433,46.8,16.2,376,
HIMU,0.518828452,62,3.903225806,56,21,362,
HIMU,0.431952663,51,3.95890411,35,17,218,
HIMU,0.544578313,97,3.694690265,87,39,512,
HIMU,0.524886878,55,3.844827586,45,22,292,
HIMU,1.684065934,274,3.181076672,190,96.5,1351,
HIMU,1.325699746,272,4.107485605,197,98.4,1376,
HIMU,1.274350649,311,2.98089172,246,54.8,1151,
HIMU,0.827288428,397,6.200417537,304,145,1368,
HIMU,1.109289617,331,4.121510673,267,103,1156,
HIMU,0.045482866,,4.164383562,24.69,,,
HIMU,0.426778243,56,3.882352941,39,31,474,
HIMU,0.771653543,93.4,3.137755102,74.3,31.2,492,
HIMU,0.771653543,93.4,3.137755102,74.3,31.2,492,
HIMU,0.563829787,46.4,3.198113208,33,14.7,260,
HIMU,0.563829787,46.4,3.198113208,33,14.7,260,
HIMU,0.52688172,68.4,3.523809524,48.5,30,393,
HIMU,0.554347826,68.6,3.392156863,48,26.3,389,
HIMU,0.489447236,44.1,3.41889117,32.4,19,239,
HIMU,0.519298246,67.9,3.540540541,48.6,27.1,393,
HIMU,0.077414075,10.3,7.906976744,18.8,42.8,314,
HIMU,0.077414075,10.3,7.906976744,18.8,42.8,314,
HIMU,0.569072165,164.44,3.663043478,93.45,71.22,980.24,64E
HIMU,0.52661597,182.17,3.664259928,97.73,50.76,526.17,64E
HIMU,0.736842105,319.41,2.454887218,151.39,52.09,1317.39,64E
HIMU,0.794392523,164.4,3.862745098,94.92,49.42,857.69,64E
HIMU,0.602339181,192.72,3.822006472,109.34,70,1069.43,64E
HIMU,0.573407202,127.74,3.637681159,75.12,47.32,788.29,64E
HIMU,0.6184379,298.67,2.209109731,133.32,75.47,981.96,64E
HIMU,0.679624665,282.52,4.033530572,191.57,58.26,1331.36,64E
HIMU,0.571776156,140.74,3.834042553,81.99,48.72,742.86,64E
HIMU,0.685560054,277.41,3.242125984,172.99,56.9,1383.79,64E
HIMU,0.547169811,89.84,3.879310345,67.91,38.6,624.04,64E
HIMU,0.586309524,120.58,3.578680203,68.35,91.82,651.24,64E
HIMU,0.695327103,227.32,3.806451613,124.41,75.2,1116.22,64E
HIMU,0.609105181,200.39,3.878865979,140.52,82.1,1362.43,64E
HIMU,0.544578313,252.57,3.924778761,162.07,53.99,751.28,64E
HIMU,0.090909091,2.16,3,2.34,1.41,15.67,
HIMU,0.421052632,83.3,4,56.6,49.4,575,
HIMU,0.230769231,79.1,7.222222222,56.6,55.2,544,
HIMU,0.344827586,79.4,6.4,58,60.5,515,
HIMU,0.451612903,78.9,4.785714286,64.6,35.5,599,
HIMU,0.904761905,68,2.526315789,54.9,48.8,447,
HIMU,0.722222222,54.7,3.307692308,41.1,56.2,430,
HIMU,0.316326531,52.8,4.268817204,29.1,41.9,296,
HIMU,1.25,51,3.36,43.06,31,337,
HIMU,1.37,55,2.96350365,41.4,23,402,
HIMU,1.36,55,2.926470588,36,24,419,
HIMU,1.27,55,3.196850394,40.4,23,371,
HIMU,0.322160149,91.1,4.294797688,80.8,36,380,
HIMU,0.337944664,88.1,4.210526316,75,30.9,450,
HIMU,0.95,87,4.105263158,63,45,479,Ant
HIMU,0.571428571,106,7.083333333,88,66,774,Ant
HIMU,0.909090909,174,3.825,117,129,1066,Ant
HIMU,0.974358974,164,3.842105263,116,112,1034,Ant
HIMU,0.75,83,5.416666667,64,42,627,Ant
HIMU,0.408839779,66.7,3.777027027,54,41.6,499,
HIMU,0.625,61,5.5,47,20,371,Ant
HIMU,0.696969697,109,4.869565217,84,42,498,Ant
HIMU,0.55513308,83,3.404109589,60.6,107,302,
HIMU,,24,,15,7.3,134,
HIMU,,23,,13,4.5,132,
HIMU,0.863636364,49,3.642105263,42.3,15,296,Ant
HIMU,1.28,42,3.90625,30.8,18,219,Ant
HIMU,0.692307692,44,3.222222222,31.1,17,250,Ant
HIMU,0.483870968,76,4.125925926,52,27,493,
